mode	epoch	format	workload	status	setup_s	scan_s	total_s	wall_s	transactions	decoded_transactions	scan_tps	total_tps	scan_source_bytes	scan_source_mb_s	total_network_bytes	total_network_mb_s	stored_archive_bytes	output_complete	indeterminate_transactions	effective_workers	max_active_workers	attempt
local	0	compact-v2	slot-hours	PASS	0.036116	0.633607	0.670387	0.7154969279945362	1724876		2722310.141	2572955.771	74044326	116.861513	0	0.000000	1349296755			12	10	/volume2/blockzilla-bench/results/all-samples-38e1dca-20260906T203900Z/local/jobs/compact-v2/local/epoch-0/slot-hours/attempt-001
local	0	compact-v2	usdc	PASS	0.023262	0.699247	0.723285	0.7652954389923252	1724876		2466762.300	2384781.935	74058842	105.912286	0	0.000000	1349296755	false	1724876	12	12	/volume2/blockzilla-bench/results/all-samples-38e1dca-20260906T203900Z/local/jobs/compact-v2/local/epoch-0/usdc/attempt-001
local	0	compact-v2	pumpfun	PASS	0.025090	0.767660	0.793355	0.8159040229948005	1724876		2246925.825	2174155.065	184436890	240.258437	0	0.000000	1349296755	false	1724876	12	12	/volume2/blockzilla-bench/results/all-samples-38e1dca-20260906T203900Z/local/jobs/compact-v2/local/epoch-0/pumpfun/attempt-001
local	0	compact-v2	firewatch	PASS	0.021154	0.680987	0.702846	0.7153680829942459	1724876		2532905.583	2454130.763	74044506	108.731145	0	0.000000	1349296755	true	0	12	12	/volume2/blockzilla-bench/results/all-samples-38e1dca-20260906T203900Z/local/jobs/compact-v2/local/epoch-0/firewatch/attempt-001
local	100	compact-v2	slot-hours	PASS	0.029371	6.491704	6.521955	6.571345342003042	85985993		13245520.523	13184083.407	3380535299	520.747021	0	0.000000	13290221696			12	12	/volume2/blockzilla-bench/results/all-samples-38e1dca-20260906T203900Z/local/jobs/compact-v2/local/epoch-100/slot-hours/attempt-001
local	100	compact-v2	usdc	PASS	0.027288	8.152434	8.180973	8.19263432000298	85985993		10547278.413	10510485.169	3381955051	414.839909	0	0.000000	13290221696	true	0	12	12	/volume2/blockzilla-bench/results/all-samples-38e1dca-20260906T203900Z/local/jobs/compact-v2/local/epoch-100/usdc/attempt-001
local	100	compact-v2	pumpfun	PASS	0.031175	17.940375	17.972286	18.016969609001535	85985993		4792876.000	4784365.826	3380547239	188.432362	0	0.000000	13290221696	true	0	12	12	/volume2/blockzilla-bench/results/all-samples-38e1dca-20260906T203900Z/local/jobs/compact-v2/local/epoch-100/pumpfun/attempt-001
local	100	compact-v2	firewatch	PASS	0.024473	18.149288	18.175276	18.20064326300053	85985993		4737706.145	4730931.870	3380547239	186.263354	0	0.000000	13290221696	true	0	12	12	/volume2/blockzilla-bench/results/all-samples-38e1dca-20260906T203900Z/local/jobs/compact-v2/local/epoch-100/firewatch/attempt-001
local	200	compact-v2	slot-hours	PASS	0.018358	18.500721	18.519360	18.551942546007922	217531687		11758011.224	11746177.123	10073168230	544.474356	0	0.000000	31514963319			12	12	/volume2/blockzilla-bench/results/all-samples-38e1dca-20260906T203900Z/local/jobs/compact-v2/local/epoch-200/slot-hours/attempt-001
local	200	compact-v2	usdc	PASS	0.019849	21.949335	21.969585	21.994104338009492	217531687		9910627.699	9901492.697	10116814968	460.916697	0	0.000000	31514963319	true	0	12	12	/volume2/blockzilla-bench/results/all-samples-38e1dca-20260906T203900Z/local/jobs/compact-v2/local/epoch-200/usdc/attempt-001
local	200	compact-v2	pumpfun	PASS	0.017867	31.565497	31.583693	31.592156863000127	217531687		6891438.662	6887468.421	10073533236	319.131145	0	0.000000	31514963319	true	0	12	12	/volume2/blockzilla-bench/results/all-samples-38e1dca-20260906T203900Z/local/jobs/compact-v2/local/epoch-200/pumpfun/attempt-001
local	200	compact-v2	firewatch	PASS	0.017641	25.632122	25.650027	25.69297662799363	217531687		8486682.887	8480758.596	10073533236	393.004271	0	0.000000	31514963319	true	0	12	12	/volume2/blockzilla-bench/results/all-samples-38e1dca-20260906T203900Z/local/jobs/compact-v2/local/epoch-200/firewatch/attempt-001
local	300	compact-v2	slot-hours	PASS	0.025063	65.964070	65.990281	66.03902330699202	724730034		10986739.164	10982375.247	43682534695	662.217091	0	0.000000	99504005950			12	12	/volume2/blockzilla-bench/results/all-samples-38e1dca-20260906T203900Z/local/jobs/compact-v2/local/epoch-300/slot-hours/attempt-001
local	300	compact-v2	usdc	PASS	0.021147	77.519033	77.540434	77.55335893400479	724730034		9349059.299	9346478.956	44118946554	569.136959	0	0.000000	99504005950	true	0	12	12	/volume2/blockzilla-bench/results/all-samples-38e1dca-20260906T203900Z/local/jobs/compact-v2/local/epoch-300/usdc/attempt-001
local	300	compact-v2	pumpfun	PASS	0.028948	117.998435	118.027958	118.04018867600826	724730034		6141861.383	6140325.109	43686183958	370.226807	0	0.000000	99504005950	true	0	12	12	/volume2/blockzilla-bench/results/all-samples-38e1dca-20260906T203900Z/local/jobs/compact-v2/local/epoch-300/pumpfun/attempt-001
local	300	compact-v2	firewatch	PASS	0.024965	117.528152	117.554095	117.60053610199247	724730034		6166437.751	6165076.891	43686183958	371.708252	0	0.000000	99504005950	true	0	12	12	/volume2/blockzilla-bench/results/all-samples-38e1dca-20260906T203900Z/local/jobs/compact-v2/local/epoch-300/firewatch/attempt-001
local	400	compact-v2	slot-hours	PASS	0.028165	92.371633	92.401156	92.43952805397566	856161411		9268661.663	9265700.210	57052696928	617.643050	0	0.000000	116692476204			12	12	/volume2/blockzilla-bench/results/all-samples-38e1dca-20260906T203900Z/local/jobs/compact-v2/local/epoch-400/slot-hours/attempt-001
local	400	compact-v2	usdc	PASS	0.032379	104.314487	104.347765	104.36011501602479	856161411		8207502.515	8204884.956	57390557626	550.168625	0	0.000000	116692476204	true	0	12	12	/volume2/blockzilla-bench/results/all-samples-38e1dca-20260906T203900Z/local/jobs/compact-v2/local/epoch-400/usdc/attempt-001
local	400	compact-v2	pumpfun	PASS	0.026487	148.986325	149.013687	149.03850309900008	856161411		5746577.157	5745521.974	57055521814	382.958113	0	0.000000	116692476204	true	0	12	12	/volume2/blockzilla-bench/results/all-samples-38e1dca-20260906T203900Z/local/jobs/compact-v2/local/epoch-400/pumpfun/attempt-001
local	400	compact-v2	firewatch	PASS	0.023657	218.501380	218.525789	218.5646665180102	856161411		3918334.107	3917896.441	57055521814	261.122020	0	0.000000	116692476204	true	0	12	12	/volume2/blockzilla-bench/results/all-samples-38e1dca-20260906T203900Z/local/jobs/compact-v2/local/epoch-400/firewatch/attempt-001
local	500	compact-v2	slot-hours	PASS	0.029591	80.686833	80.717772	80.73906456699478	856007773		10609014.354	10604947.918	38651085973	479.025937	0	0.000000	97868479869			12	12	/volume2/blockzilla-bench/results/all-samples-38e1dca-20260906T203900Z/local/jobs/compact-v2/local/epoch-500/slot-hours/attempt-001
local	500	compact-v2	usdc	PASS	0.033046	90.174632	90.208838	90.2490608630178	856007773		9492778.139	9489178.598	38894244021	431.321351	0	0.000000	97868479869	true	0	12	12	/volume2/blockzilla-bench/results/all-samples-38e1dca-20260906T203900Z/local/jobs/compact-v2/local/epoch-500/usdc/attempt-001
local	500	compact-v2	pumpfun	PASS	0.029236	139.122884	139.153062	139.20321395300562	856007773		6152889.784	6151555.430	38653119665	277.834376	0	0.000000	97868479869	true	0	12	12	/volume2/blockzilla-bench/results/all-samples-38e1dca-20260906T203900Z/local/jobs/compact-v2/local/epoch-500/pumpfun/attempt-001
local	500	compact-v2	firewatch	PASS	0.034054	119.734672	119.769944	119.81437957801973	856007773		7149205.462	7147100.082	38653119665	322.823113	0	0.000000	97868479869	true	0	12	12	/volume2/blockzilla-bench/results/all-samples-38e1dca-20260906T203900Z/local/jobs/compact-v2/local/epoch-500/firewatch/attempt-001
local	600	compact-v2	slot-hours	PASS	0.025981	93.059572	93.086370	93.09182016598061	569474558		6119462.461	6117700.778	64101792338	688.825350	0	0.000000	109748890385			12	12	/volume2/blockzilla-bench/results/all-samples-38e1dca-20260906T203900Z/local/jobs/compact-v2/local/epoch-600/slot-hours/attempt-001
local	600	compact-v2	usdc	PASS	0.025576	99.999285	100.025907	100.03593598300358	569474558		5694786.282	5693270.605	64828440454	648.289038	0	0.000000	109748890385	true	0	12	12	/volume2/blockzilla-bench/results/all-samples-38e1dca-20260906T203900Z/local/jobs/compact-v2/local/epoch-600/usdc/attempt-001
local	600	compact-v2	pumpfun	PASS	0.025241	160.163399	160.189032	160.21170420999988	569474558		3555584.864	3555015.906	102131843174	637.672800	0	0.000000	109748890385	true	0	12	12	/volume2/blockzilla-bench/results/all-samples-38e1dca-20260906T203900Z/local/jobs/compact-v2/local/epoch-600/pumpfun/attempt-001
local	600	compact-v2	firewatch	PASS	0.023404	379.560697	379.584847	379.63223599400953	569474558		1500351.756	1500256.298	64107868226	168.900175	0	0.000000	109748890385	true	0	12	12	/volume2/blockzilla-bench/results/all-samples-38e1dca-20260906T203900Z/local/jobs/compact-v2/local/epoch-600/firewatch/attempt-001
local	700	compact-v2	slot-hours	PASS	0.031268	109.785384	109.817705	109.84545281197643	735817610		6702327.586	6700355.003	74938096593	682.587186	0	0.000000	133420376697			12	12	/volume2/blockzilla-bench/results/all-samples-38e1dca-20260906T203900Z/local/jobs/compact-v2/local/epoch-700/slot-hours/attempt-001
local	700	compact-v2	usdc	PASS	0.029466	122.972029	123.002912	123.01812468498247	735817610		5983617.683	5982115.386	77128261211	627.201662	0	0.000000	133420376697	true	0	12	12	/volume2/blockzilla-bench/results/all-samples-38e1dca-20260906T203900Z/local/jobs/compact-v2/local/epoch-700/usdc/attempt-001
local	700	compact-v2	pumpfun	PASS	0.030378	353.911397	353.942519	353.9761159089976	735817610		2079101.198	2078918.384	123496110555	348.946407	0	0.000000	133420376697	true	0	12	12	/volume2/blockzilla-bench/results/all-samples-38e1dca-20260906T203900Z/local/jobs/compact-v2/local/epoch-700/pumpfun/attempt-001
local	700	compact-v2	firewatch	PASS	0.033039	469.790239	469.824901	469.87425005299156	735817610		1566268.410	1566152.854	74956409079	159.552930	0	0.000000	133420376697	true	0	12	12	/volume2/blockzilla-bench/results/all-samples-38e1dca-20260906T203900Z/local/jobs/compact-v2/local/epoch-700/firewatch/attempt-001
local	800	compact-v2	slot-hours	PASS	0.026690	121.343729	121.371327	121.39449079200858	681751357		5618348.472	5617070.988	83247476785	686.046796	0	0.000000	140496178946			12	12	/volume2/blockzilla-bench/results/all-samples-38e1dca-20260906T203900Z/local/jobs/compact-v2/local/epoch-800/slot-hours/attempt-001
local	800	compact-v2	usdc	PASS	0.026632	134.387194	134.414858	134.45916164299706	681751357		5073038.104	5071994.028	84450099880	628.408833	0	0.000000	140496178946	true	0	12	12	/volume2/blockzilla-bench/results/all-samples-38e1dca-20260906T203900Z/local/jobs/compact-v2/local/epoch-800/usdc/attempt-001
local	800	compact-v2	pumpfun	PASS	0.033654	369.605532	369.639988	369.66167142699123	681751357		1844537.752	1844365.814	128548389992	347.798880	0	0.000000	140496178946	true	0	12	12	/volume2/blockzilla-bench/results/all-samples-38e1dca-20260906T203900Z/local/jobs/compact-v2/local/epoch-800/pumpfun/attempt-001
local	800	compact-v2	firewatch	PASS	0.032050	528.696796	528.748311	528.7762629390054	681751357		1289494.021	1289368.387	83257533252	157.476902	0	0.000000	140496178946	true	0	12	12	/volume2/blockzilla-bench/results/all-samples-38e1dca-20260906T203900Z/local/jobs/compact-v2/local/epoch-800/firewatch/attempt-001
local	900	compact-v2	slot-hours	PASS	0.031311	80.889065	80.921520	80.92669081999338	476026811		5884933.998	5882573.791	59899113036	740.509397	0	0.000000	104048790795			12	12	/volume2/blockzilla-bench/results/all-samples-38e1dca-20260906T203900Z/local/jobs/compact-v2/local/epoch-900/slot-hours/attempt-001
local	900	compact-v2	usdc	PASS	0.026212	89.629635	89.656971	89.70179679201101	476026811		5311042.627	5309423.293	60796165650	678.304288	0	0.000000	104048790795	true	0	12	12	/volume2/blockzilla-bench/results/all-samples-38e1dca-20260906T203900Z/local/jobs/compact-v2/local/epoch-900/usdc/attempt-001
local	900	compact-v2	pumpfun	PASS	0.028542	278.783229	278.812751	278.8677825870109	476026811		1707515.952	1707335.154	92285606290	331.029978	0	0.000000	104048790795	true	0	12	12	/volume2/blockzilla-bench/results/all-samples-38e1dca-20260906T203900Z/local/jobs/compact-v2/local/epoch-900/pumpfun/attempt-001
local	900	compact-v2	firewatch	PASS	0.033985	314.176502	314.211411	314.25035222800216	476026811		1515157.268	1514988.934	59907007058	190.679464	0	0.000000	104048790795	true	0	12	12	/volume2/blockzilla-bench/results/all-samples-38e1dca-20260906T203900Z/local/jobs/compact-v2/local/epoch-900/firewatch/attempt-001
local	1000	compact-v2	slot-hours	PASS	0.028969	113.989588	114.019917	114.05467413298902	547899266		4806572.928	4805294.372	85438781218	749.531453	0	0.000000	139038160668			12	12	/volume2/blockzilla-bench/results/all-samples-38e1dca-20260906T203900Z/local/jobs/compact-v2/local/epoch-1000/slot-hours/attempt-001
local	1000	compact-v2	usdc	PASS	0.029802	127.451796	127.482953	127.5383411720104	547899266		4298874.421	4297823.783	86617889529	679.612938	0	0.000000	139038160668	true	0	12	12	/volume2/blockzilla-bench/results/all-samples-38e1dca-20260906T203900Z/local/jobs/compact-v2/local/epoch-1000/usdc/attempt-001
local	1000	compact-v2	pumpfun	PASS	0.030784	400.436032	400.467489	400.5194545460108	547899266		1368256.657	1368149.178	122436678681	305.758396	0	0.000000	139038160668	true	0	12	12	/volume2/blockzilla-bench/results/all-samples-38e1dca-20260906T203900Z/local/jobs/compact-v2/local/epoch-1000/pumpfun/attempt-001
local	1000	compact-v2	firewatch	PASS	0.028809	615.642659	615.679537	615.7308715610125	547899266		889963.127	889909.821	85448640501	138.795841	0	0.000000	139038160668	true	0	12	12	/volume2/blockzilla-bench/results/all-samples-38e1dca-20260906T203900Z/local/jobs/compact-v2/local/epoch-1000/firewatch/attempt-001
local	0	indexer-v3	slot-hours	PASS	0.136295	1.840208	1.980706	2.0235234909923747	1724876		937326.476	870838.979	77048907	41.869665	0	0.000000	1466956231			12	12	/volume2/blockzilla-bench/results/all-samples-signer-fix-20260907T001310Z/local/jobs/indexer-v3/local/epoch-0/slot-hours/attempt-001
local	0	indexer-v3	usdc	PASS	0.113917	1.874866	1.992398	2.0194689219933935	1724876	1724876	919999.821	865728.641	77063243	41.103343	0	0.000000	1466956231	false	1724876	12	12	/volume2/blockzilla-bench/results/all-samples-signer-fix-20260907T001310Z/local/jobs/indexer-v3/local/epoch-0/usdc/attempt-001
local	0	indexer-v3	pumpfun	PASS	0.122928	2.135739	2.264427	2.268829275009921	1724876	1724876	807624.928	761727.418	187441183	87.764090	0	0.000000	1466956231	false	1724876	12	12	/volume2/blockzilla-bench/results/all-samples-signer-fix-20260907T001310Z/local/jobs/indexer-v3/local/epoch-0/pumpfun/attempt-001
local	0	indexer-v3	firewatch	PASS	0.116788	0.039971	0.160582	0.16478622501017526	1724876	0	43153304.818	10741386.624	0	0.000000	0	0.000000	1466956231	true	0	0	0	/volume2/blockzilla-bench/results/all-samples-signer-fix-20260907T001310Z/local/jobs/indexer-v3/local/epoch-0/firewatch/attempt-001
local	100	indexer-v3	slot-hours	PASS	0.141140	7.778969	7.924800	7.937783229979686	85985993		11053649.278	10850241.319	1321730758	169.910793	0	0.000000	13044353541			12	12	/volume2/blockzilla-bench/results/all-samples-signer-fix-20260907T001310Z/local/jobs/indexer-v3/local/epoch-100/slot-hours/attempt-001
local	100	indexer-v3	usdc	PASS	0.114270	8.536775	8.655947	8.689320500998292	85985993	85985993	10072420.671	9933747.699	1234084619	144.560980	0	0.000000	13044353541	true	0	12	12	/volume2/blockzilla-bench/results/all-samples-signer-fix-20260907T001310Z/local/jobs/indexer-v3/local/epoch-100/usdc/attempt-001
local	100	indexer-v3	pumpfun	PASS	0.113880	0.015058	0.132677	0.16452100599417463	85985993	0	5710422780.914	648086133.342	0	0.000000	0	0.000000	13044353541	true	0	0	0	/volume2/blockzilla-bench/results/all-samples-signer-fix-20260907T001310Z/local/jobs/indexer-v3/local/epoch-100/pumpfun/attempt-001
local	100	indexer-v3	firewatch	PASS	0.113794	0.008521	0.125784	0.16455252101877704	85985993	0	10091170149.118	683600630.535	0	0.000000	0	0.000000	13044353541	true	0	0	0	/volume2/blockzilla-bench/results/all-samples-signer-fix-20260907T001310Z/local/jobs/indexer-v3/local/epoch-100/firewatch/attempt-001
local	200	indexer-v3	slot-hours	PASS	0.109369	16.914160	17.028243	17.0472897659929	217531687		12860921.598	12774758.246	3185575718	188.337801	0	0.000000	30564214832			12	12	/volume2/blockzilla-bench/results/all-samples-signer-fix-20260907T001310Z/local/jobs/indexer-v3/local/epoch-200/slot-hours/attempt-001
local	200	indexer-v3	usdc	PASS	0.107441	22.010499	22.123890	22.17057105700951	217531687	217531687	9883087.618	9832434.130	3503174969	159.159273	0	0.000000	30564214832	true	0	12	12	/volume2/blockzilla-bench/results/all-samples-signer-fix-20260907T001310Z/local/jobs/indexer-v3/local/epoch-200/usdc/attempt-001
local	200	indexer-v3	pumpfun	PASS	0.082920	0.010002	0.094696	0.12000713098677807	217531687	0	21749440845.839	2297147949.204	0	0.000000	0	0.000000	30564214832	true	0	0	0	/volume2/blockzilla-bench/results/all-samples-signer-fix-20260907T001310Z/local/jobs/indexer-v3/local/epoch-200/pumpfun/attempt-001
local	200	indexer-v3	firewatch	PASS	0.075342	0.009757	0.087287	0.11497474598581903	217531687	0	22294451222.337	2492146551.333	0	0.000000	0	0.000000	30564214832	true	0	0	0	/volume2/blockzilla-bench/results/all-samples-signer-fix-20260907T001310Z/local/jobs/indexer-v3/local/epoch-200/firewatch/attempt-001
local	300	indexer-v3	slot-hours	PASS	0.141437	57.327188	57.472591	57.48001959401881	724730034		12641995.072	12610011.518	14149150106	246.813955	0	0.000000	97003523888			12	12	/volume2/blockzilla-bench/results/all-samples-signer-fix-20260907T001310Z/local/jobs/indexer-v3/local/epoch-300/slot-hours/attempt-001
local	300	indexer-v3	usdc	PASS	0.129450	73.263499	73.409528	73.44673629500903	724730034	724730034	9892102.400	9872424.591	14723346231	200.964279	0	0.000000	97003523888	true	0	12	12	/volume2/blockzilla-bench/results/all-samples-signer-fix-20260907T001310Z/local/jobs/indexer-v3/local/epoch-300/usdc/attempt-001
local	300	indexer-v3	pumpfun	PASS	0.159909	0.019150	0.182525	0.21787965798284858	724730034	0	37844072486.332	3970577448.864	0	0.000000	0	0.000000	97003523888	true	0	0	0	/volume2/blockzilla-bench/results/all-samples-signer-fix-20260907T001310Z/local/jobs/indexer-v3/local/epoch-300/pumpfun/attempt-001
local	300	indexer-v3	firewatch	PASS	0.115455	0.014820	0.133332	0.16492318900418468	724730034	0	48902352924.188	5435510979.896	0	0.000000	0	0.000000	97003523888	true	0	0	0	/volume2/blockzilla-bench/results/all-samples-signer-fix-20260907T001310Z/local/jobs/indexer-v3/local/epoch-300/firewatch/attempt-001
local	400	indexer-v3	slot-hours	PASS	0.142263	75.025233	75.172133	75.20928961300524	856161411		11411646.125	11389345.752	21313382070	284.082850	0	0.000000	113079044496			12	12	/volume2/blockzilla-bench/results/all-samples-signer-fix-20260907T001310Z/local/jobs/indexer-v3/local/epoch-400/slot-hours/attempt-001
local	400	indexer-v3	usdc	PASS	0.158999	87.536827	87.708844	87.75031698201201	856161411	856161411	9780585.433	9761403.425	20073748651	229.317756	0	0.000000	113079044496	true	0	12	12	/volume2/blockzilla-bench/results/all-samples-signer-fix-20260907T001310Z/local/jobs/indexer-v3/local/epoch-400/usdc/attempt-001
local	400	indexer-v3	pumpfun	PASS	0.120421	0.015606	0.138183	0.16725007400964387	856161411	0	54862542439.166	6195841465.109	0	0.000000	0	0.000000	113079044496	true	0	0	0	/volume2/blockzilla-bench/results/all-samples-signer-fix-20260907T001310Z/local/jobs/indexer-v3/local/epoch-400/pumpfun/attempt-001
local	400	indexer-v3	firewatch	PASS	0.089453	0.013104	0.105184	0.1151218669838272	856161411	0	65334666463.781	8139661389.275	0	0.000000	0	0.000000	113079044496	true	0	0	0	/volume2/blockzilla-bench/results/all-samples-signer-fix-20260907T001310Z/local/jobs/indexer-v3/local/epoch-400/firewatch/attempt-001
local	500	indexer-v3	slot-hours	PASS	0.129043	87.083072	87.215710	87.23520287897554	856007773		9829783.790	9814834.636	13617092170	156.368991	0	0.000000	93977075738			12	12	/volume2/blockzilla-bench/results/all-samples-signer-fix-20260907T001310Z/local/jobs/indexer-v3/local/epoch-500/slot-hours/attempt-001
local	500	indexer-v3	usdc	PASS	0.148134	101.250296	101.408291	101.45263763301773	856007773	856007773	8454373.064	8441201.024	12168768137	120.185013	0	0.000000	93977075738	true	0	12	12	/volume2/blockzilla-bench/results/all-samples-signer-fix-20260907T001310Z/local/jobs/indexer-v3/local/epoch-500/usdc/attempt-001
local	500	indexer-v3	pumpfun	PASS	0.155636	0.018446	0.178440	0.21874395298073068	856007773	0	46405532367.456	4797162178.179	0	0.000000	0	0.000000	93977075738	true	0	0	0	/volume2/blockzilla-bench/results/all-samples-signer-fix-20260907T001310Z/local/jobs/indexer-v3/local/epoch-500/pumpfun/attempt-001
local	500	indexer-v3	firewatch	PASS	0.118523	0.013694	0.136290	0.1649875000002794	856007773	0	62510467158.533	6280767210.760	0	0.000000	0	0.000000	93977075738	true	0	0	0	/volume2/blockzilla-bench/results/all-samples-signer-fix-20260907T001310Z/local/jobs/indexer-v3/local/epoch-500/firewatch/attempt-001
local	600	indexer-v3	slot-hours	PASS	0.139871	71.970198	72.116155	72.13526196798193	569474558		7912644.058	7896629.522	32233240615	447.869279	0	0.000000	108504576264			12	12	/volume2/blockzilla-bench/results/all-samples-signer-fix-20260907T001310Z/local/jobs/indexer-v3/local/epoch-600/slot-hours/attempt-001
local	600	indexer-v3	usdc	PASS	0.148255	81.680830	81.859871	81.87303487799363	569474558	569474558	6971948.692	6956699.936	24310685042	297.630239	0	0.000000	108504576264	true	0	12	12	/volume2/blockzilla-bench/results/all-samples-signer-fix-20260907T001310Z/local/jobs/indexer-v3/local/epoch-600/usdc/attempt-001
local	600	indexer-v3	pumpfun	PASS	0.125790	219.643710	219.778192	219.80579634697642	569474558	388399841	2592719.629	2591133.148	49347769487	224.671899	0	0.000000	108504576264	true	0	12	12	/volume2/blockzilla-bench/results/all-samples-signer-fix-20260907T001310Z/local/jobs/indexer-v3/local/epoch-600/pumpfun/attempt-001
local	600	indexer-v3	firewatch	PASS	0.183400	0.029415	0.220309	0.26886183401802555	569474558	0	19360031698.156	2584886989.797	0	0.000000	0	0.000000	108504576264	true	0	0	0	/volume2/blockzilla-bench/results/all-samples-signer-fix-20260907T001310Z/local/jobs/indexer-v3/local/epoch-600/firewatch/attempt-001
local	700	indexer-v3	slot-hours	PASS	0.200286	92.083831	92.290529	92.32610569900135	735817610		7990736.322	7972839.847	33807496294	367.138249	0	0.000000	131601116052			12	12	/volume2/blockzilla-bench/results/all-samples-signer-fix-20260907T001310Z/local/jobs/indexer-v3/local/epoch-700/slot-hours/attempt-001
local	700	indexer-v3	usdc	PASS	0.171625	115.378768	115.558258	115.57743217601092	735817610	735817610	6377409.167	6367503.484	279121169671	2419.172743	0	0.000000	131601116052	true	0	12	12	/volume2/blockzilla-bench/results/all-samples-signer-fix-20260907T001310Z/local/jobs/indexer-v3/local/epoch-700/usdc/attempt-001
local	700	indexer-v3	pumpfun	PASS	0.156025	409.987619	410.153840	410.17135322099784	735817610	721026702	1794731.294	1794003.951	80908934302	197.344824	0	0.000000	131601116052	true	0	12	12	/volume2/blockzilla-bench/results/all-samples-signer-fix-20260907T001310Z/local/jobs/indexer-v3/local/epoch-700/pumpfun/attempt-001
local	700	indexer-v3	firewatch	PASS	0.168173	0.039370	0.212543	0.2675195320043713	735817610	0	18689627603.985	3461965532.869	0	0.000000	0	0.000000	131601116052	true	0	0	0	/volume2/blockzilla-bench/results/all-samples-signer-fix-20260907T001310Z/local/jobs/indexer-v3/local/epoch-700/firewatch/attempt-001
local	800	indexer-v3	slot-hours	PASS	0.155984	90.335603	90.498785	90.52941464999458	681751357		7546873.407	7533265.275	39480267026	437.039948	0	0.000000	145921532119			12	12	/volume2/blockzilla-bench/results/all-samples-signer-fix-20260907T001310Z/local/jobs/indexer-v3/local/epoch-800/slot-hours/attempt-001
local	800	indexer-v3	usdc	PASS	0.172904	119.642843	119.823139	119.83601442998042	681751357	681751357	5698220.972	5689646.960	317268986442	2651.800798	0	0.000000	145921532119	true	0	12	12	/volume2/blockzilla-bench/results/all-samples-signer-fix-20260907T001310Z/local/jobs/indexer-v3/local/epoch-800/usdc/attempt-001
local	800	indexer-v3	pumpfun	PASS	0.155318	397.081793	397.246892	397.2673915399937	681751357	681175132	1716904.095	1716190.536	84710142770	213.331722	0	0.000000	145921532119	true	0	12	12	/volume2/blockzilla-bench/results/all-samples-signer-fix-20260907T001310Z/local/jobs/indexer-v3/local/epoch-800/pumpfun/attempt-001
local	800	indexer-v3	firewatch	PASS	0.170852	0.032135	0.208513	0.2184781469986774	681751357	0	21215133755.590	3269589989.388	0	0.000000	0	0.000000	145921532119	true	0	0	0	/volume2/blockzilla-bench/results/all-samples-signer-fix-20260907T001310Z/local/jobs/indexer-v3/local/epoch-800/firewatch/attempt-001
local	900	indexer-v3	slot-hours	PASS	0.177368	65.583794	65.767571	65.77815257600741	476026811		7258299.427	7238017.169	29035798631	442.728258	0	0.000000	106322191598			12	12	/volume2/blockzilla-bench/results/all-samples-signer-fix-20260907T001310Z/local/jobs/indexer-v3/local/epoch-900/slot-hours/attempt-001
local	900	indexer-v3	usdc	PASS	0.159354	76.070827	76.257802	76.31485813000472	476026811	476026811	6257678.900	6242335.879	20911274225	274.892163	0	0.000000	106322191598	true	0	12	12	/volume2/blockzilla-bench/results/all-samples-signer-fix-20260907T001310Z/local/jobs/indexer-v3/local/epoch-900/usdc/attempt-001
local	900	indexer-v3	pumpfun	PASS	0.146437	281.017410	281.172518	281.2235827750119	476026811	470452521	1693940.639	1693006.179	60740949911	216.146572	0	0.000000	106322191598	true	0	12	12	/volume2/blockzilla-bench/results/all-samples-signer-fix-20260907T001310Z/local/jobs/indexer-v3/local/epoch-900/pumpfun/attempt-001
local	900	indexer-v3	firewatch	PASS	0.179669	0.256696	0.441586	0.47151766999741085	476026811	11412	1854434495.133	1077992565.613	881562	3.434258	0	0.000000	106322191598	true	0	3	3	/volume2/blockzilla-bench/results/all-samples-signer-fix-20260907T001310Z/local/jobs/indexer-v3/local/epoch-900/firewatch/attempt-001
local	1000	indexer-v3	slot-hours	PASS	0.167116	86.618122	86.791488	86.82941931797541	547899266		6325457.662	6312822.569	44337397122	511.872064	0	0.000000	140889076138			12	12	/volume2/blockzilla-bench/results/all-samples-signer-fix-20260907T001310Z/local/jobs/indexer-v3/local/epoch-1000/slot-hours/attempt-001
local	1000	indexer-v3	usdc	PASS	0.154958	110.402887	110.571643	110.6243197650183	547899266	547899266	4962725.881	4955151.694	516878511542	4681.748135	0	0.000000	140889076138	true	0	12	12	/volume2/blockzilla-bench/results/all-samples-signer-fix-20260907T001310Z/local/jobs/indexer-v3/local/epoch-1000/usdc/attempt-001
local	1000	indexer-v3	pumpfun	PASS	0.150525	450.226855	450.386532	450.44113856198965	547899266	546273400	1216940.438	1216508.992	81130438424	180.199021	0	0.000000	140889076138	true	0	12	12	/volume2/blockzilla-bench/results/all-samples-signer-fix-20260907T001310Z/local/jobs/indexer-v3/local/epoch-1000/pumpfun/attempt-001
local	1000	indexer-v3	firewatch	PASS	0.180019	0.035288	0.223176	0.27126083499751985	547899266	0	15526357720.733	2455005284.833	0	0.000000	0	0.000000	140889076138	true	0	0	0	/volume2/blockzilla-bench/results/all-samples-signer-fix-20260907T001310Z/local/jobs/indexer-v3/local/epoch-1000/firewatch/attempt-001
local	0	car	slot-hours	PASS	0.012856	7.257171	7.270756	7.279428737994749	1724876		237678.857	237234.742	4286945461	590.718578	0	0.000000	2240009741					/volume2/blockzilla-bench/results/all-samples-signer-fix-20260907T001310Z/local/jobs/car/local/epoch-0/slot-hours/attempt-001
local	0	car	usdc	PASS	0.011354	6.853704	6.865837	6.880153259990038	1724876		251670.629	251225.904	4286945461	625.493230	0	0.000000	2240009741	false	1724876			/volume2/blockzilla-bench/results/all-samples-signer-fix-20260907T001310Z/local/jobs/car/local/epoch-0/usdc/attempt-001
local	0	car	pumpfun	PASS	0.008113	6.686484	6.694946	6.728319054003805	1724876		257964.569	257638.514	4286945461	641.135964	0	0.000000	2240009741	false	1724876			/volume2/blockzilla-bench/results/all-samples-signer-fix-20260907T001310Z/local/jobs/car/local/epoch-0/pumpfun/attempt-001
local	0	car	firewatch	PASS	0.005711	6.694285	6.700339	6.755794832017273	1724876		257663.978	257431.158	4286945461	640.388887	0	0.000000	2240009741	true	0			/volume2/blockzilla-bench/results/all-samples-signer-fix-20260907T001310Z/local/jobs/car/local/epoch-0/firewatch/attempt-001
local	100	car	slot-hours	PASS	0.013685	250.411147	250.425355	250.4824695160205	85985993		343379.254	343359.773	62937661471	251.337299	0	0.000000	22816776181					/volume2/blockzilla-bench/results/all-samples-signer-fix-20260907T001310Z/local/jobs/car/local/epoch-100/slot-hours/attempt-001
local	100	car	usdc	PASS	0.010553	247.210238	247.221205	247.2449689200148	85985993		347825.373	347809.943	62937661471	254.591647	0	0.000000	22816776181	true	0			/volume2/blockzilla-bench/results/all-samples-signer-fix-20260907T001310Z/local/jobs/car/local/epoch-100/usdc/attempt-001
local	100	car	pumpfun	PASS	0.008308	244.849922	244.859206	244.88961047498742	85985993		351178.356	351165.041	62937661471	257.045871	0	0.000000	22816776181	true	0			/volume2/blockzilla-bench/results/all-samples-signer-fix-20260907T001310Z/local/jobs/car/local/epoch-100/pumpfun/attempt-001
local	100	car	firewatch	PASS	0.012877	247.918974	247.932433	247.95276594001916	85985993		346831.029	346812.202	62937661471	253.863834	0	0.000000	22816776181	true	0			/volume2/blockzilla-bench/results/all-samples-signer-fix-20260907T001310Z/local/jobs/car/local/epoch-100/firewatch/attempt-001
local	200	car	slot-hours	PASS	0.009815	229.528495	229.538608	229.54953261799528	217531687		947732.817	947691.060	153916687190	670.577687	0	0.000000	55945022378					/volume2/blockzilla-bench/results/all-samples-signer-fix-20260907T001310Z/local/jobs/car/local/epoch-200/slot-hours/attempt-001
local	200	car	usdc	PASS	0.011936	274.007229	274.020371	274.0482462189975	217531687		793890.321	793852.245	153916687190	561.724914	0	0.000000	55945022378	true	0			/volume2/blockzilla-bench/results/all-samples-signer-fix-20260907T001310Z/local/jobs/car/local/epoch-200/usdc/attempt-001
local	200	car	pumpfun	PASS	0.013714	246.371803	246.387044	246.39995255199028	217531687		882940.678	882886.063	153916687190	624.733371	0	0.000000	55945022378	true	0			/volume2/blockzilla-bench/results/all-samples-signer-fix-20260907T001310Z/local/jobs/car/local/epoch-200/pumpfun/attempt-001
local	200	car	firewatch	PASS	0.012134	237.852849	237.865441	237.90481072998955	217531687		914564.143	914515.730	153916687190	647.108865	0	0.000000	55945022378	true	0			/volume2/blockzilla-bench/results/all-samples-signer-fix-20260907T001310Z/local/jobs/car/local/epoch-200/firewatch/attempt-001
local	300	car	slot-hours	PASS	0.016235	815.331901	815.348636	815.4031930259953	724730034		888877.319	888859.074	508337873180	623.473548	0	0.000000	508343057180					/volume2/blockzilla-bench/results/all-samples-signer-fix-20260907T001310Z/local/jobs/car/local/epoch-300/slot-hours/attempt-001
local	300	car	usdc	PASS	0.014398	1011.357846	1011.373863	1011.3928268009913	724730034		716591.103	716579.754	508337873180	502.629089	0	0.000000	508343057180	true	0			/volume2/blockzilla-bench/results/all-samples-signer-fix-20260907T001310Z/local/jobs/car/local/epoch-300/usdc/attempt-001
local	300	car	pumpfun	PASS	0.017964	921.549395	921.568694	921.6033905179938	724730034		786425.598	786409.129	508337873180	551.612182	0	0.000000	508343057180	true	0			/volume2/blockzilla-bench/results/all-samples-signer-fix-20260907T001310Z/local/jobs/car/local/epoch-300/pumpfun/attempt-001
local	300	car	firewatch	PASS	0.015802	868.990622	869.006835	869.0581527040049	724730034		833990.627	833975.068	508337873180	584.975097	0	0.000000	508343057180	true	0			/volume2/blockzilla-bench/results/all-samples-signer-fix-20260907T001310Z/local/jobs/car/local/epoch-300/firewatch/attempt-001
local	400	car	slot-hours	PASS	0.013002	959.405306	959.418687	959.4542716049764	856161411		892387.613	892375.167	660687328780	688.642563	0	0.000000	245123920409					/volume2/blockzilla-bench/results/all-samples-signer-fix-20260907T001310Z/local/jobs/car/local/epoch-400/slot-hours/attempt-001
local	400	car	usdc	PASS	0.010870	1487.186913	1487.199219	1487.2226329800033	856161411		575691.867	575687.104	660687328780	444.253055	0	0.000000	245123920409	true	0			/volume2/blockzilla-bench/results/all-samples-signer-fix-20260907T001310Z/local/jobs/car/local/epoch-400/usdc/attempt-001
local	400	car	pumpfun	PASS	0.009277	1187.722172	1187.733542	1187.7630526869907	856161411		720843.166	720836.266	660687328780	556.264204	0	0.000000	245123920409	true	0			/volume2/blockzilla-bench/results/all-samples-signer-fix-20260907T001310Z/local/jobs/car/local/epoch-400/pumpfun/attempt-001
local	400	car	firewatch	PASS	0.013338	1127.029759	1127.043732	1127.051730081992	856161411		759661.761	759652.342	660687328780	586.219950	0	0.000000	245123920409	true	0			/volume2/blockzilla-bench/results/all-samples-signer-fix-20260907T001310Z/local/jobs/car/local/epoch-400/firewatch/attempt-001
local	500	car	slot-hours	PASS	0.013152	917.427402	917.441104	917.4890115649905	856007773		933052.327	933038.392	512259838396	558.365531	0	0.000000	180696928166					/volume2/blockzilla-bench/results/all-samples-signer-fix-20260907T001310Z/local/jobs/car/local/epoch-500/slot-hours/attempt-001
local	500	car	usdc	PASS	0.010602	1039.077990	1039.090155	1039.1019500390103	856007773		823814.748	823805.104	512259838396	492.994600	0	0.000000	180696928166	true	0			/volume2/blockzilla-bench/results/all-samples-signer-fix-20260907T001310Z/local/jobs/car/local/epoch-500/usdc/attempt-001
local	500	car	pumpfun	PASS	0.010722	1081.558995	1081.571344	1081.5857383979892	856007773		791457.310	791448.274	512259838396	473.630972	0	0.000000	180696928166	true	0			/volume2/blockzilla-bench/results/all-samples-signer-fix-20260907T001310Z/local/jobs/car/local/epoch-500/pumpfun/attempt-001
local	500	car	firewatch	PASS	0.010081	978.600366	978.611194	978.6427475970122	856007773		874726.602	874716.924	512259838396	523.461728	0	0.000000	180696928166	true	0			/volume2/blockzilla-bench/results/all-samples-signer-fix-20260907T001310Z/local/jobs/car/local/epoch-500/firewatch/attempt-001
local	600	car	slot-hours	PASS	0.012872	962.791751	962.804869	962.8299385700084	569474558		591482.589	591474.531	595710599635	618.732554	0	0.000000	237004373483					/volume2/blockzilla-bench/results/all-samples-signer-fix-20260907T001310Z/local/jobs/car/local/epoch-600/slot-hours/attempt-001
local	600	car	usdc	PASS	0.010108	1720.629298	1720.641046	1720.6746883810265	569474558		330968.767	330966.508	595710599635	346.216701	0	0.000000	237004373483	true	0			/volume2/blockzilla-bench/results/all-samples-signer-fix-20260907T001310Z/local/jobs/car/local/epoch-600/usdc/attempt-001
local	600	car	pumpfun	PASS	0.011016	1217.419556	1217.432051	1217.4594041559903	569474558		467771.817	467767.016	595710599635	489.322351	0	0.000000	237004373483	true	0			/volume2/blockzilla-bench/results/all-samples-signer-fix-20260907T001310Z/local/jobs/car/local/epoch-600/pumpfun/attempt-001
local	600	car	firewatch	PASS	0.010901	1175.563490	1175.575471	1175.598523674009	569474558		484426.883	484421.947	595710599635	506.744727	0	0.000000	237004373483	true	0			/volume2/blockzilla-bench/results/all-samples-signer-fix-20260907T001310Z/local/jobs/car/local/epoch-600/firewatch/attempt-001
local	700	car	slot-hours	PASS	0.012712	1301.691679	1301.704712	1301.7294072899967	735817610		565277.955	565272.295	673522614052	517.421003	0	0.000000	298250628517					/volume2/blockzilla-bench/results/all-samples-signer-fix-20260907T001310Z/local/jobs/car/local/epoch-700/slot-hours/attempt-001
local	700	car	usdc	PASS	0.014289	2287.859106	2287.875773	2287.8849297730194	735817610		321618.411	321616.068	673522614052	294.389900	0	0.000000	298250628517	true	0			/volume2/blockzilla-bench/results/all-samples-signer-fix-20260907T001310Z/local/jobs/car/local/epoch-700/usdc/attempt-001
local	700	car	pumpfun	PASS	0.011980	1884.811212	1884.826568	1884.871246499999	735817610		390393.269	390390.088	673522614052	357.342215	0	0.000000	298250628517	true	0			/volume2/blockzilla-bench/results/all-samples-signer-fix-20260907T001310Z/local/jobs/car/local/epoch-700/pumpfun/attempt-001
local	700	car	firewatch	PASS	0.014496	1754.909001	1754.924191	1754.9327620280092	735817610		419291.034	419287.405	673522614052	383.793469	0	0.000000	298250628517	true	0			/volume2/blockzilla-bench/results/all-samples-signer-fix-20260907T001310Z/local/jobs/car/local/epoch-700/firewatch/attempt-001
local	800	car	slot-hours	PASS	0.011246	1550.177572	1550.189182	1550.2010770709894	681751357		439789.202	439785.908	824317017506	531.756511	0	0.000000	331058964183					/volume2/blockzilla-bench/results/all-samples-signer-fix-20260907T001310Z/local/jobs/car/local/epoch-800/slot-hours/attempt-001
local	800	car	usdc	PASS	0.008771	3234.120554	3234.130569	3234.1624272120243	681751357		210799.612	210798.959	824317017506	254.881351	0	0.000000	331058964183	true	0			/volume2/blockzilla-bench/results/all-samples-signer-fix-20260907T001310Z/local/jobs/car/local/epoch-800/usdc/attempt-001
local	800	car	pumpfun	PASS	0.014231	1613.548922	1613.564765	1613.5714675899944	681751357		422516.694	422512.546	824317017506	510.872033	0	0.000000	331058964183	true	0			/volume2/blockzilla-bench/results/all-samples-signer-fix-20260907T001310Z/local/jobs/car/local/epoch-800/pumpfun/attempt-001
local	800	car	firewatch	PASS	0.010923	1544.318622	1544.329822	1544.3688754440227	681751357		441457.706	441454.505	824317017506	533.773928	0	0.000000	331058964183	true	0			/volume2/blockzilla-bench/results/all-samples-signer-fix-20260907T001310Z/local/jobs/car/local/epoch-800/firewatch/attempt-001
local	900	car	slot-hours	PASS	0.011300	813.885126	813.896799	813.9223512820026	476026811		584882.062	584873.674	527045598158	647.567551	0	0.000000	226073750559					/volume2/blockzilla-bench/results/all-samples-signer-fix-20260907T001310Z/local/jobs/car/local/epoch-900/slot-hours/attempt-001
local	900	car	usdc	PASS	0.012659	1742.057140	1742.071556	1742.122732712014	476026811		273255.567	273253.305	527045598158	302.542084	0	0.000000	226073750559	true	0			/volume2/blockzilla-bench/results/all-samples-signer-fix-20260907T001310Z/local/jobs/car/local/epoch-900/usdc/attempt-001
local	900	car	pumpfun	PASS	0.012829	1068.012168	1068.026454	1068.0482323150209	476026811		445712.910	445706.948	527045598158	493.482765	0	0.000000	226073750559	true	0			/volume2/blockzilla-bench/results/all-samples-signer-fix-20260907T001310Z/local/jobs/car/local/epoch-900/pumpfun/attempt-001
local	900	car	firewatch	PASS	0.009061	1016.514894	1016.524435	1016.5385730359994	476026811		468293.002	468288.606	527045598158	518.482908	0	0.000000	226073750559	true	0			/volume2/blockzilla-bench/results/all-samples-signer-fix-20260907T001310Z/local/jobs/car/local/epoch-900/firewatch/attempt-001
local	1000	car	slot-hours	PASS	0.011601	1193.977729	1193.989730	1193.9981197030284	547899266		458885.667	458881.054	767389334224	642.716623	0	0.000000	299444659257					/volume2/blockzilla-bench/results/all-samples-signer-fix-20260907T001310Z/local/jobs/car/local/epoch-1000/slot-hours/attempt-001
local	1000	car	usdc	PASS	0.009275	2775.428917	2775.439596	2775.493245269987	547899266		197410.664	197409.905	767389334224	276.493961	0	0.000000	299444659257	true	0			/volume2/blockzilla-bench/results/all-samples-signer-fix-20260907T001310Z/local/jobs/car/local/epoch-1000/usdc/attempt-001
local	1000	car	pumpfun	PASS	0.012911	1629.440937	1629.455854	1629.4924486039963	547899266		336249.847	336246.769	767389334224	470.952531	0	0.000000	299444659257	true	0			/volume2/blockzilla-bench/results/all-samples-signer-fix-20260907T001310Z/local/jobs/car/local/epoch-1000/pumpfun/attempt-001
local	1000	car	firewatch	PASS	0.010593	1543.068287	1543.079343	1543.1111966030148	547899266		355071.302	355068.758	767389334224	497.313917	0	0.000000	299444659257	true	0			/volume2/blockzilla-bench/results/all-samples-signer-fix-20260907T001310Z/local/jobs/car/local/epoch-1000/firewatch/attempt-001
network	900	compact-v2	slot-hours	PASS	25.365201	2490.509450	2515.875198	2515.913501060015	476026811		191136.320	189209.231	59899113036	24.050948	60811121562	24.170961	104048790795			12	12	/volume2/blockzilla-bench/results/all-samples-signer-fix-20260907T001310Z/network-epoch900-v2-v3-private-v1/jobs/compact-v2/network/epoch-900/slot-hours/attempt-001
network	900	compact-v2	usdc	PASS	41.021393	2390.169833	2431.192484	2431.2007103209908	476026811		199160.246	195799.721	60796165650	25.435919	60818622336	25.015963	104048790795	true	0	12	12	/volume2/blockzilla-bench/results/all-samples-signer-fix-20260907T001310Z/network-epoch900-v2-v3-private-v1/jobs/compact-v2/network/epoch-900/usdc/attempt-001
network	900	compact-v2	pumpfun	PASS	21.585743	2129.537562	2151.124755	2151.167494802008	476026811		223535.297	221292.052	92285606290	43.335984	93197614784	43.325063	104048790795	true	0	12	12	/volume2/blockzilla-bench/results/all-samples-signer-fix-20260907T001310Z/network-epoch900-v2-v3-private-v1/jobs/compact-v2/network/epoch-900/pumpfun/attempt-001
network	900	compact-v2	firewatch	PASS	10.102793	1952.132719	1962.236784	1962.2725446389813	476026811		243849.614	242593.970	59907072594	30.688012	60818622336	30.994538	104048790795	true	0	12	12	/volume2/blockzilla-bench/results/all-samples-signer-fix-20260907T001310Z/network-epoch900-v2-v3-private-v1/jobs/compact-v2/network/epoch-900/firewatch/attempt-001
network	900	indexer-v3	slot-hours	PASS	31.833706	4283.622453	4315.462298	4315.499977463012	476026811		111127.163	110307.258	29035798631	6.778328	29142900183	6.753135	106322191598			12	12	/volume2/blockzilla-bench/results/all-samples-signer-fix-20260907T001310Z/network-epoch900-v2-v3-private-v1/jobs/indexer-v3/network/epoch-900/slot-hours/attempt-001
network	900	indexer-v3	usdc	PASS	61.908174	3483.709018	3545.643967	3545.693043225998	476026811	476026811	136643.677	134256.799	20911274225	6.002589	21018582198	5.928001	106322191598	true	0	12	12	/volume2/blockzilla-bench/results/all-samples-signer-fix-20260907T001310Z/network-epoch900-v2-v3-private-v1/jobs/indexer-v3/network/epoch-900/usdc/attempt-001
network	900	indexer-v3	pumpfun	PASS	22.007727	6583.357654	6605.370750	6605.423068797012	476026811	470452521	72307.603	72066.630	60740949911	9.226439	61196532065	9.264663	106322191598	true	0	12	12	/volume2/blockzilla-bench/results/all-samples-signer-fix-20260907T001310Z/network-epoch900-v2-v3-private-v1/jobs/indexer-v3/network/epoch-900/pumpfun/attempt-001
network	900	indexer-v3	firewatch	PASS	10.598991	4.376522	14.980894	15.026721455011284	476026811	11412	108768279.254	31775594.511	881562	0.201430	451432426	30.133878	106322191598	true	0	3	3	/volume2/blockzilla-bench/results/all-samples-signer-fix-20260907T001310Z/network-epoch900-v2-v3-private-v1/jobs/indexer-v3/network/epoch-900/firewatch/attempt-001
network	900	car	slot-hours	PASS	1.551178	2550.852533	2552.404642	2552.40676350001	476026811		186614.790	186501.311	527045598158	206.615471	527050782158	206.491860	527050782158					/volume2/blockzilla-bench/results/all-samples-signer-fix-20260907T001310Z/network-epoch900-car-count-private-v1/jobs/car/network/epoch-900/slot-hours/attempt-001
