phase,epoch,workload,format,status,source_encoding,blocks,transactions,total_s,scan_s,setup_s,wall_s,total_tps,scan_tps,decoded_total_tps,decoded_scan_tps,decoded_transactions,candidate_transactions,skipped_transactions,scan_source_mb_s,scan_source_bytes,read_speed_basis,scan_local_read_mb_s,scan_local_read_bytes,scan_network_mb_s,total_network_mb_s,total_network_bytes,recorded_inner_instructions,output_rows,output_complete,indeterminate_transactions,output_bytes,output_schema,output_sha256,coverage_sha256,requested_workers,effective_workers,max_active_workers,source_commit,cohort,source_attempt
local,0,slot-hours,compact-v2,PASS,zstd frames and sidecars,431548,1724876,0.670387,0.633607,0.036116,0.7154969279945362,2572955.771,2722310.141,,,,,,116.861513,74044326,SDK logical source bytes / scan seconds,116.861513,74044326,0.0,0.0,0,0,,,,,,,,12,12,10,38e1dcaa63345eeaff50233c2b208d0ae4ae4853,original-v2,/volume2/blockzilla-bench/results/all-samples-38e1dca-20260906T203900Z/local/jobs/compact-v2/local/epoch-0/slot-hours/attempt-001
local,0,slot-hours,indexer-v3,PASS,zstd frames and sidecars,431548,1724876,1.980706,1.840208,0.136295,2.0235234909923747,870838.979,937326.476,,,,,,41.869665,77048907,SDK logical source bytes / scan seconds,41.869665,77048907,0.0,0.0,0,0,,,,,,,,12,12,12,f46db7b7284af209a3d96b53b9d37d979e944674,signer-fix,/volume2/blockzilla-bench/results/all-samples-signer-fix-20260907T001310Z/local/jobs/indexer-v3/local/epoch-0/slot-hours/attempt-001
local,0,slot-hours,car,PASS,zstd CAR,431548,1724876,7.270756,7.257171,0.012856,7.279428737994749,237234.742,237678.857,,,,,,590.718578,4286945461,decoded CAR stream bytes / scan seconds,,,0.0,0.0,0,0,,,,,,,,,,,f46db7b7284af209a3d96b53b9d37d979e944674,signer-fix,/volume2/blockzilla-bench/results/all-samples-signer-fix-20260907T001310Z/local/jobs/car/local/epoch-0/slot-hours/attempt-001
local,100,slot-hours,compact-v2,PASS,zstd frames and sidecars,402076,85985993,6.521955,6.491704,0.029371,6.571345342003042,13184083.407,13245520.523,,,,,,520.747021,3380535299,SDK logical source bytes / scan seconds,520.747021,3380535299,0.0,0.0,0,37582802,,,,,,,,12,12,12,38e1dcaa63345eeaff50233c2b208d0ae4ae4853,original-v2,/volume2/blockzilla-bench/results/all-samples-38e1dca-20260906T203900Z/local/jobs/compact-v2/local/epoch-100/slot-hours/attempt-001
local,100,slot-hours,indexer-v3,PASS,zstd frames and sidecars,402076,85985993,7.9248,7.778969,0.14114,7.937783229979686,10850241.319,11053649.278,,,,,,169.910793,1321730758,SDK logical source bytes / scan seconds,169.910793,1321730758,0.0,0.0,0,37582802,,,,,,,,12,12,12,f46db7b7284af209a3d96b53b9d37d979e944674,signer-fix,/volume2/blockzilla-bench/results/all-samples-signer-fix-20260907T001310Z/local/jobs/indexer-v3/local/epoch-100/slot-hours/attempt-001
local,100,slot-hours,car,PASS,zstd CAR,402076,85985993,250.425355,250.411147,0.013685,250.4824695160205,343359.773,343379.254,,,,,,251.337299,62937661471,decoded CAR stream bytes / scan seconds,,,0.0,0.0,0,37582802,,,,,,,,,,,f46db7b7284af209a3d96b53b9d37d979e944674,signer-fix,/volume2/blockzilla-bench/results/all-samples-signer-fix-20260907T001310Z/local/jobs/car/local/epoch-100/slot-hours/attempt-001
local,200,slot-hours,compact-v2,PASS,zstd frames and sidecars,318235,217531687,18.51936,18.500721,0.018358,18.551942546007922,11746177.123,11758011.224,,,,,,544.474356,10073168230,SDK logical source bytes / scan seconds,544.474356,10073168230,0.0,0.0,0,5659148,,,,,,,,12,12,12,38e1dcaa63345eeaff50233c2b208d0ae4ae4853,original-v2,/volume2/blockzilla-bench/results/all-samples-38e1dca-20260906T203900Z/local/jobs/compact-v2/local/epoch-200/slot-hours/attempt-001
local,200,slot-hours,indexer-v3,PASS,zstd frames and sidecars,318235,217531687,17.028243,16.91416,0.109369,17.0472897659929,12774758.246,12860921.598,,,,,,188.337801,3185575718,SDK logical source bytes / scan seconds,188.337801,3185575718,0.0,0.0,0,5659148,,,,,,,,12,12,12,f46db7b7284af209a3d96b53b9d37d979e944674,signer-fix,/volume2/blockzilla-bench/results/all-samples-signer-fix-20260907T001310Z/local/jobs/indexer-v3/local/epoch-200/slot-hours/attempt-001
local,200,slot-hours,car,PASS,zstd CAR,318235,217531687,229.538608,229.528495,0.009815,229.54953261799528,947691.06,947732.817,,,,,,670.577687,153916687190,decoded CAR stream bytes / scan seconds,,,0.0,0.0,0,5659148,,,,,,,,,,,f46db7b7284af209a3d96b53b9d37d979e944674,signer-fix,/volume2/blockzilla-bench/results/all-samples-signer-fix-20260907T001310Z/local/jobs/car/local/epoch-200/slot-hours/attempt-001
local,300,slot-hours,compact-v2,PASS,zstd frames and sidecars,408989,724730034,65.990281,65.96407,0.025063,66.03902330699202,10982375.247,10986739.164,,,,,,662.217091,43682534695,SDK logical source bytes / scan seconds,662.217091,43682534695,0.0,0.0,0,102252970,,,,,,,,12,12,12,38e1dcaa63345eeaff50233c2b208d0ae4ae4853,original-v2,/volume2/blockzilla-bench/results/all-samples-38e1dca-20260906T203900Z/local/jobs/compact-v2/local/epoch-300/slot-hours/attempt-001
local,300,slot-hours,indexer-v3,PASS,zstd frames and sidecars,408989,724730034,57.472591,57.327188,0.141437,57.48001959401881,12610011.518,12641995.072,,,,,,246.813955,14149150106,SDK logical source bytes / scan seconds,246.813955,14149150106,0.0,0.0,0,102252970,,,,,,,,12,12,12,f46db7b7284af209a3d96b53b9d37d979e944674,signer-fix,/volume2/blockzilla-bench/results/all-samples-signer-fix-20260907T001310Z/local/jobs/indexer-v3/local/epoch-300/slot-hours/attempt-001
local,300,slot-hours,car,PASS,raw CAR,408989,724730034,815.348636,815.331901,0.016235,815.4031930259953,888859.074,888877.319,,,,,,623.473548,508337873180,decoded CAR stream bytes / scan seconds,623.473548,508337873180,0.0,0.0,0,102252970,,,,,,,,,,,f46db7b7284af209a3d96b53b9d37d979e944674,signer-fix,/volume2/blockzilla-bench/results/all-samples-signer-fix-20260907T001310Z/local/jobs/car/local/epoch-300/slot-hours/attempt-001
local,400,slot-hours,compact-v2,PASS,zstd frames and sidecars,392412,856161411,92.401156,92.371633,0.028165,92.43952805397566,9265700.21,9268661.663,,,,,,617.64305,57052696928,SDK logical source bytes / scan seconds,617.64305,57052696928,0.0,0.0,0,403065641,,,,,,,,12,12,12,38e1dcaa63345eeaff50233c2b208d0ae4ae4853,original-v2,/volume2/blockzilla-bench/results/all-samples-38e1dca-20260906T203900Z/local/jobs/compact-v2/local/epoch-400/slot-hours/attempt-001
local,400,slot-hours,indexer-v3,PASS,zstd frames and sidecars,392412,856161411,75.172133,75.025233,0.142263,75.20928961300524,11389345.752,11411646.125,,,,,,284.08285,21313382070,SDK logical source bytes / scan seconds,284.08285,21313382070,0.0,0.0,0,403065641,,,,,,,,12,12,12,f46db7b7284af209a3d96b53b9d37d979e944674,signer-fix,/volume2/blockzilla-bench/results/all-samples-signer-fix-20260907T001310Z/local/jobs/indexer-v3/local/epoch-400/slot-hours/attempt-001
local,400,slot-hours,car,PASS,zstd CAR,392412,856161411,959.418687,959.405306,0.013002,959.4542716049764,892375.167,892387.613,,,,,,688.642563,660687328780,decoded CAR stream bytes / scan seconds,,,0.0,0.0,0,403065641,,,,,,,,,,,f46db7b7284af209a3d96b53b9d37d979e944674,signer-fix,/volume2/blockzilla-bench/results/all-samples-signer-fix-20260907T001310Z/local/jobs/car/local/epoch-400/slot-hours/attempt-001
local,500,slot-hours,compact-v2,PASS,zstd frames and sidecars,421310,856007773,80.717772,80.686833,0.029591,80.73906456699478,10604947.918,10609014.354,,,,,,479.025937,38651085973,SDK logical source bytes / scan seconds,479.025937,38651085973,0.0,0.0,0,76822246,,,,,,,,12,12,12,38e1dcaa63345eeaff50233c2b208d0ae4ae4853,original-v2,/volume2/blockzilla-bench/results/all-samples-38e1dca-20260906T203900Z/local/jobs/compact-v2/local/epoch-500/slot-hours/attempt-001
local,500,slot-hours,indexer-v3,PASS,zstd frames and sidecars,421310,856007773,87.21571,87.083072,0.129043,87.23520287897554,9814834.636,9829783.79,,,,,,156.368991,13617092170,SDK logical source bytes / scan seconds,156.368991,13617092170,0.0,0.0,0,76822246,,,,,,,,12,12,12,f46db7b7284af209a3d96b53b9d37d979e944674,signer-fix,/volume2/blockzilla-bench/results/all-samples-signer-fix-20260907T001310Z/local/jobs/indexer-v3/local/epoch-500/slot-hours/attempt-001
local,500,slot-hours,car,PASS,zstd CAR,421310,856007773,917.441104,917.427402,0.013152,917.4890115649905,933038.392,933052.327,,,,,,558.365531,512259838396,decoded CAR stream bytes / scan seconds,,,0.0,0.0,0,76822246,,,,,,,,,,,f46db7b7284af209a3d96b53b9d37d979e944674,signer-fix,/volume2/blockzilla-bench/results/all-samples-signer-fix-20260907T001310Z/local/jobs/car/local/epoch-500/slot-hours/attempt-001
local,600,slot-hours,compact-v2,PASS,zstd frames and sidecars,371273,569474558,93.08637,93.059572,0.025981,93.09182016598061,6117700.778,6119462.461,,,,,,688.82535,64101792338,SDK logical source bytes / scan seconds,688.82535,64101792338,0.0,0.0,0,643747533,,,,,,,,12,12,12,38e1dcaa63345eeaff50233c2b208d0ae4ae4853,original-v2,/volume2/blockzilla-bench/results/all-samples-38e1dca-20260906T203900Z/local/jobs/compact-v2/local/epoch-600/slot-hours/attempt-001
local,600,slot-hours,indexer-v3,PASS,zstd frames and sidecars,371273,569474558,72.116155,71.970198,0.139871,72.13526196798193,7896629.522,7912644.058,,,,,,447.869279,32233240615,SDK logical source bytes / scan seconds,447.869279,32233240615,0.0,0.0,0,643747533,,,,,,,,12,12,12,f46db7b7284af209a3d96b53b9d37d979e944674,signer-fix,/volume2/blockzilla-bench/results/all-samples-signer-fix-20260907T001310Z/local/jobs/indexer-v3/local/epoch-600/slot-hours/attempt-001
local,600,slot-hours,car,RUNNING,zstd CAR,,,,,,,,,,,,,,,,decoded CAR stream bytes / scan seconds,,,,,,,,,,,,,,,,,f46db7b7284af209a3d96b53b9d37d979e944674,,
local,700,slot-hours,compact-v2,PASS,zstd frames and sidecars,420895,735817610,109.817705,109.785384,0.031268,109.84545281197643,6700355.003,6702327.586,,,,,,682.587186,74938096593,SDK logical source bytes / scan seconds,682.587186,74938096593,0.0,0.0,0,700176335,,,,,,,,12,12,12,38e1dcaa63345eeaff50233c2b208d0ae4ae4853,original-v2,/volume2/blockzilla-bench/results/all-samples-38e1dca-20260906T203900Z/local/jobs/compact-v2/local/epoch-700/slot-hours/attempt-001
local,700,slot-hours,indexer-v3,PASS,zstd frames and sidecars,420895,735817610,92.290529,92.083831,0.200286,92.32610569900135,7972839.847,7990736.322,,,,,,367.138249,33807496294,SDK logical source bytes / scan seconds,367.138249,33807496294,0.0,0.0,0,700176335,,,,,,,,12,12,12,f46db7b7284af209a3d96b53b9d37d979e944674,signer-fix,/volume2/blockzilla-bench/results/all-samples-signer-fix-20260907T001310Z/local/jobs/indexer-v3/local/epoch-700/slot-hours/attempt-001
local,700,slot-hours,car,PENDING,zstd CAR,,,,,,,,,,,,,,,,decoded CAR stream bytes / scan seconds,,,,,,,,,,,,,,,,,f46db7b7284af209a3d96b53b9d37d979e944674,,
local,800,slot-hours,compact-v2,PASS,zstd frames and sidecars,430282,681751357,121.371327,121.343729,0.02669,121.39449079200858,5617070.988,5618348.472,,,,,,686.046796,83247476785,SDK logical source bytes / scan seconds,686.046796,83247476785,0.0,0.0,0,653785545,,,,,,,,12,12,12,38e1dcaa63345eeaff50233c2b208d0ae4ae4853,original-v2,/volume2/blockzilla-bench/results/all-samples-38e1dca-20260906T203900Z/local/jobs/compact-v2/local/epoch-800/slot-hours/attempt-001
local,800,slot-hours,indexer-v3,PASS,zstd frames and sidecars,430282,681751357,90.498785,90.335603,0.155984,90.52941464999458,7533265.275,7546873.407,,,,,,437.039948,39480267026,SDK logical source bytes / scan seconds,437.039948,39480267026,0.0,0.0,0,653785545,,,,,,,,12,12,12,f46db7b7284af209a3d96b53b9d37d979e944674,signer-fix,/volume2/blockzilla-bench/results/all-samples-signer-fix-20260907T001310Z/local/jobs/indexer-v3/local/epoch-800/slot-hours/attempt-001
local,800,slot-hours,car,PENDING,zstd CAR,,,,,,,,,,,,,,,,decoded CAR stream bytes / scan seconds,,,,,,,,,,,,,,,,,f46db7b7284af209a3d96b53b9d37d979e944674,,
local,900,slot-hours,compact-v2,PASS,zstd frames and sidecars,431858,476026811,80.92152,80.889065,0.031311,80.92669081999338,5882573.791,5884933.998,,,,,,740.509397,59899113036,SDK logical source bytes / scan seconds,740.509397,59899113036,0.0,0.0,0,501468343,,,,,,,,12,12,12,38e1dcaa63345eeaff50233c2b208d0ae4ae4853,original-v2,/volume2/blockzilla-bench/results/all-samples-38e1dca-20260906T203900Z/local/jobs/compact-v2/local/epoch-900/slot-hours/attempt-001
local,900,slot-hours,indexer-v3,PASS,zstd frames and sidecars,431858,476026811,65.767571,65.583794,0.177368,65.77815257600741,7238017.169,7258299.427,,,,,,442.728258,29035798631,SDK logical source bytes / scan seconds,442.728258,29035798631,0.0,0.0,0,501468343,,,,,,,,12,12,12,f46db7b7284af209a3d96b53b9d37d979e944674,signer-fix,/volume2/blockzilla-bench/results/all-samples-signer-fix-20260907T001310Z/local/jobs/indexer-v3/local/epoch-900/slot-hours/attempt-001
local,900,slot-hours,car,PENDING,zstd CAR,,,,,,,,,,,,,,,,decoded CAR stream bytes / scan seconds,,,,,,,,,,,,,,,,,f46db7b7284af209a3d96b53b9d37d979e944674,,
local,1000,slot-hours,compact-v2,PASS,zstd frames and sidecars,431781,547899266,114.019917,113.989588,0.028969,114.05467413298902,4805294.372,4806572.928,,,,,,749.531453,85438781218,SDK logical source bytes / scan seconds,749.531453,85438781218,0.0,0.0,0,765149154,,,,,,,,12,12,12,38e1dcaa63345eeaff50233c2b208d0ae4ae4853,original-v2,/volume2/blockzilla-bench/results/all-samples-38e1dca-20260906T203900Z/local/jobs/compact-v2/local/epoch-1000/slot-hours/attempt-001
local,1000,slot-hours,indexer-v3,PASS,zstd frames and sidecars,431781,547899266,86.791488,86.618122,0.167116,86.82941931797541,6312822.569,6325457.662,,,,,,511.872064,44337397122,SDK logical source bytes / scan seconds,511.872064,44337397122,0.0,0.0,0,765149154,,,,,,,,12,12,12,f46db7b7284af209a3d96b53b9d37d979e944674,signer-fix,/volume2/blockzilla-bench/results/all-samples-signer-fix-20260907T001310Z/local/jobs/indexer-v3/local/epoch-1000/slot-hours/attempt-001
local,1000,slot-hours,car,PENDING,zstd CAR,,,,,,,,,,,,,,,,decoded CAR stream bytes / scan seconds,,,,,,,,,,,,,,,,,f46db7b7284af209a3d96b53b9d37d979e944674,,
local,0,usdc,compact-v2,PASS,zstd frames and sidecars,431548,1724876,0.723285,0.699247,0.023262,0.7652954389923252,2384781.935,2466762.3,,,,,,105.912286,74058842,SDK logical source bytes / scan seconds,105.912286,74058842,0.0,0.0,0,,0,False,1724876,44,blockzilla-example-usdc-recorded-balance-exclude-failed/v2,323ca32c2d9836b1f334e756c8e451bcbf31fd64c63714d6d4d40c6977ea44df,6c8e2cc76f79f79d3dd07e172e0a5da31610557be97abfe258f3106926c76127,12,12,12,38e1dcaa63345eeaff50233c2b208d0ae4ae4853,original-v2,/volume2/blockzilla-bench/results/all-samples-38e1dca-20260906T203900Z/local/jobs/compact-v2/local/epoch-0/usdc/attempt-001
local,0,usdc,indexer-v3,PASS,zstd frames and sidecars,431548,1724876,1.992398,1.874866,0.113917,2.0194689219933935,865728.641,919999.821,865728.641,919999.821,1724876,1724876,0,41.103343,77063243,SDK logical source bytes / scan seconds,41.103343,77063243,0.0,0.0,0,,0,False,1724876,44,blockzilla-example-usdc-recorded-balance-exclude-failed/v2,323ca32c2d9836b1f334e756c8e451bcbf31fd64c63714d6d4d40c6977ea44df,6c8e2cc76f79f79d3dd07e172e0a5da31610557be97abfe258f3106926c76127,12,12,12,f46db7b7284af209a3d96b53b9d37d979e944674,signer-fix,/volume2/blockzilla-bench/results/all-samples-signer-fix-20260907T001310Z/local/jobs/indexer-v3/local/epoch-0/usdc/attempt-001
local,0,usdc,car,PASS,zstd CAR,431548,1724876,6.865837,6.853704,0.011354,6.880153259990038,251225.904,251670.629,,,,,,625.49323,4286945461,decoded CAR stream bytes / scan seconds,,,0.0,0.0,0,,0,False,1724876,44,blockzilla-example-usdc-recorded-balance-exclude-failed/v2,323ca32c2d9836b1f334e756c8e451bcbf31fd64c63714d6d4d40c6977ea44df,6c8e2cc76f79f79d3dd07e172e0a5da31610557be97abfe258f3106926c76127,,,,f46db7b7284af209a3d96b53b9d37d979e944674,signer-fix,/volume2/blockzilla-bench/results/all-samples-signer-fix-20260907T001310Z/local/jobs/car/local/epoch-0/usdc/attempt-001
local,100,usdc,compact-v2,PASS,zstd frames and sidecars,402076,85985993,8.180973,8.152434,0.027288,8.19263432000298,10510485.169,10547278.413,,,,,,414.839909,3381955051,SDK logical source bytes / scan seconds,414.839909,3381955051,0.0,0.0,0,,0,True,0,44,blockzilla-example-usdc-recorded-balance-exclude-failed/v2,323ca32c2d9836b1f334e756c8e451bcbf31fd64c63714d6d4d40c6977ea44df,e3b0c44298fc1c149afbf4c8996fb92427ae41e4649b934ca495991b7852b855,12,12,12,38e1dcaa63345eeaff50233c2b208d0ae4ae4853,original-v2,/volume2/blockzilla-bench/results/all-samples-38e1dca-20260906T203900Z/local/jobs/compact-v2/local/epoch-100/usdc/attempt-001
local,100,usdc,indexer-v3,PASS,zstd frames and sidecars,402076,85985993,8.655947,8.536775,0.11427,8.689320500998292,9933747.699,10072420.671,9933747.699,10072420.671,85985993,85985993,0,144.56098,1234084619,SDK logical source bytes / scan seconds,144.56098,1234084619,0.0,0.0,0,,0,True,0,44,blockzilla-example-usdc-recorded-balance-exclude-failed/v2,323ca32c2d9836b1f334e756c8e451bcbf31fd64c63714d6d4d40c6977ea44df,e3b0c44298fc1c149afbf4c8996fb92427ae41e4649b934ca495991b7852b855,12,12,12,f46db7b7284af209a3d96b53b9d37d979e944674,signer-fix,/volume2/blockzilla-bench/results/all-samples-signer-fix-20260907T001310Z/local/jobs/indexer-v3/local/epoch-100/usdc/attempt-001
local,100,usdc,car,PASS,zstd CAR,402076,85985993,247.221205,247.210238,0.010553,247.2449689200148,347809.943,347825.373,,,,,,254.591647,62937661471,decoded CAR stream bytes / scan seconds,,,0.0,0.0,0,,0,True,0,44,blockzilla-example-usdc-recorded-balance-exclude-failed/v2,323ca32c2d9836b1f334e756c8e451bcbf31fd64c63714d6d4d40c6977ea44df,e3b0c44298fc1c149afbf4c8996fb92427ae41e4649b934ca495991b7852b855,,,,f46db7b7284af209a3d96b53b9d37d979e944674,signer-fix,/volume2/blockzilla-bench/results/all-samples-signer-fix-20260907T001310Z/local/jobs/car/local/epoch-100/usdc/attempt-001
local,200,usdc,compact-v2,PASS,zstd frames and sidecars,318235,217531687,21.969585,21.949335,0.019849,21.994104338009492,9901492.697,9910627.699,,,,,,460.916697,10116814968,SDK logical source bytes / scan seconds,460.916697,10116814968,0.0,0.0,0,,12735763,True,0,1732063812,blockzilla-example-usdc-recorded-balance-exclude-failed/v2,c3c73bd7fb59acb6738cab4bdf5992328bdd2ac1ffadbd1a240fb66fae9d5098,e3b0c44298fc1c149afbf4c8996fb92427ae41e4649b934ca495991b7852b855,12,12,12,38e1dcaa63345eeaff50233c2b208d0ae4ae4853,original-v2,/volume2/blockzilla-bench/results/all-samples-38e1dca-20260906T203900Z/local/jobs/compact-v2/local/epoch-200/usdc/attempt-001
local,200,usdc,indexer-v3,PASS,zstd frames and sidecars,318235,217531687,22.12389,22.010499,0.107441,22.17057105700951,9832434.13,9883087.618,9832434.13,9883087.618,217531687,217531687,0,159.159273,3503174969,SDK logical source bytes / scan seconds,159.159273,3503174969,0.0,0.0,0,,12735763,True,0,1732063812,blockzilla-example-usdc-recorded-balance-exclude-failed/v2,c3c73bd7fb59acb6738cab4bdf5992328bdd2ac1ffadbd1a240fb66fae9d5098,e3b0c44298fc1c149afbf4c8996fb92427ae41e4649b934ca495991b7852b855,12,12,12,f46db7b7284af209a3d96b53b9d37d979e944674,signer-fix,/volume2/blockzilla-bench/results/all-samples-signer-fix-20260907T001310Z/local/jobs/indexer-v3/local/epoch-200/usdc/attempt-001
local,200,usdc,car,PASS,zstd CAR,318235,217531687,274.020371,274.007229,0.011936,274.0482462189975,793852.245,793890.321,,,,,,561.724914,153916687190,decoded CAR stream bytes / scan seconds,,,0.0,0.0,0,,12735763,True,0,1732063812,blockzilla-example-usdc-recorded-balance-exclude-failed/v2,c3c73bd7fb59acb6738cab4bdf5992328bdd2ac1ffadbd1a240fb66fae9d5098,e3b0c44298fc1c149afbf4c8996fb92427ae41e4649b934ca495991b7852b855,,,,f46db7b7284af209a3d96b53b9d37d979e944674,signer-fix,/volume2/blockzilla-bench/results/all-samples-signer-fix-20260907T001310Z/local/jobs/car/local/epoch-200/usdc/attempt-001
local,300,usdc,compact-v2,PASS,zstd frames and sidecars,408989,724730034,77.540434,77.519033,0.021147,77.55335893400479,9346478.956,9349059.299,,,,,,569.136959,44118946554,SDK logical source bytes / scan seconds,569.136959,44118946554,0.0,0.0,0,,30224439,True,0,4110523748,blockzilla-example-usdc-recorded-balance-exclude-failed/v2,c307d97f8999ad4cc7a6ad753007c4d6cf4e5a874cfba5da81bd43700ef1d1a2,e3b0c44298fc1c149afbf4c8996fb92427ae41e4649b934ca495991b7852b855,12,12,12,38e1dcaa63345eeaff50233c2b208d0ae4ae4853,original-v2,/volume2/blockzilla-bench/results/all-samples-38e1dca-20260906T203900Z/local/jobs/compact-v2/local/epoch-300/usdc/attempt-001
local,300,usdc,indexer-v3,PASS,zstd frames and sidecars,408989,724730034,73.409528,73.263499,0.12945,73.44673629500903,9872424.591,9892102.4,9872424.591,9892102.4,724730034,724730034,0,200.964279,14723346231,SDK logical source bytes / scan seconds,200.964279,14723346231,0.0,0.0,0,,30224439,True,0,4110523748,blockzilla-example-usdc-recorded-balance-exclude-failed/v2,c307d97f8999ad4cc7a6ad753007c4d6cf4e5a874cfba5da81bd43700ef1d1a2,e3b0c44298fc1c149afbf4c8996fb92427ae41e4649b934ca495991b7852b855,12,12,12,f46db7b7284af209a3d96b53b9d37d979e944674,signer-fix,/volume2/blockzilla-bench/results/all-samples-signer-fix-20260907T001310Z/local/jobs/indexer-v3/local/epoch-300/usdc/attempt-001
local,300,usdc,car,PASS,raw CAR,408989,724730034,1011.373863,1011.357846,0.014398,1011.3928268009913,716579.754,716591.103,,,,,,502.629089,508337873180,decoded CAR stream bytes / scan seconds,502.629089,508337873180,0.0,0.0,0,,30224439,True,0,4110523748,blockzilla-example-usdc-recorded-balance-exclude-failed/v2,c307d97f8999ad4cc7a6ad753007c4d6cf4e5a874cfba5da81bd43700ef1d1a2,e3b0c44298fc1c149afbf4c8996fb92427ae41e4649b934ca495991b7852b855,,,,f46db7b7284af209a3d96b53b9d37d979e944674,signer-fix,/volume2/blockzilla-bench/results/all-samples-signer-fix-20260907T001310Z/local/jobs/car/local/epoch-300/usdc/attempt-001
local,400,usdc,compact-v2,PASS,zstd frames and sidecars,392412,856161411,104.347765,104.314487,0.032379,104.36011501602479,8204884.956,8207502.515,,,,,,550.168625,57390557626,SDK logical source bytes / scan seconds,550.168625,57390557626,0.0,0.0,0,,15339531,True,0,2086176260,blockzilla-example-usdc-recorded-balance-exclude-failed/v2,482fcca9c61e36b989a40d6a63ac8024f284d58aaf0130d9f5e9b67454c3a18b,e3b0c44298fc1c149afbf4c8996fb92427ae41e4649b934ca495991b7852b855,12,12,12,38e1dcaa63345eeaff50233c2b208d0ae4ae4853,original-v2,/volume2/blockzilla-bench/results/all-samples-38e1dca-20260906T203900Z/local/jobs/compact-v2/local/epoch-400/usdc/attempt-001
local,400,usdc,indexer-v3,PASS,zstd frames and sidecars,392412,856161411,87.708844,87.536827,0.158999,87.75031698201201,9761403.425,9780585.433,9761403.425,9780585.433,856161411,856161411,0,229.317756,20073748651,SDK logical source bytes / scan seconds,229.317756,20073748651,0.0,0.0,0,,15339531,True,0,2086176260,blockzilla-example-usdc-recorded-balance-exclude-failed/v2,482fcca9c61e36b989a40d6a63ac8024f284d58aaf0130d9f5e9b67454c3a18b,e3b0c44298fc1c149afbf4c8996fb92427ae41e4649b934ca495991b7852b855,12,12,12,f46db7b7284af209a3d96b53b9d37d979e944674,signer-fix,/volume2/blockzilla-bench/results/all-samples-signer-fix-20260907T001310Z/local/jobs/indexer-v3/local/epoch-400/usdc/attempt-001
local,400,usdc,car,PASS,zstd CAR,392412,856161411,1487.199219,1487.186913,0.01087,1487.2226329800033,575687.104,575691.867,,,,,,444.253055,660687328780,decoded CAR stream bytes / scan seconds,,,0.0,0.0,0,,15339531,True,0,2086176260,blockzilla-example-usdc-recorded-balance-exclude-failed/v2,482fcca9c61e36b989a40d6a63ac8024f284d58aaf0130d9f5e9b67454c3a18b,e3b0c44298fc1c149afbf4c8996fb92427ae41e4649b934ca495991b7852b855,,,,f46db7b7284af209a3d96b53b9d37d979e944674,signer-fix,/volume2/blockzilla-bench/results/all-samples-signer-fix-20260907T001310Z/local/jobs/car/local/epoch-400/usdc/attempt-001
local,500,usdc,compact-v2,PASS,zstd frames and sidecars,421310,856007773,90.208838,90.174632,0.033046,90.2490608630178,9489178.598,9492778.139,,,,,,431.321351,38894244021,SDK logical source bytes / scan seconds,431.321351,38894244021,0.0,0.0,0,,6632515,True,0,902022084,blockzilla-example-usdc-recorded-balance-exclude-failed/v2,a42eca1c7e69ca63b8f3791e0765b424b55e58f2c348d9d8a38b5e7153c0e354,e3b0c44298fc1c149afbf4c8996fb92427ae41e4649b934ca495991b7852b855,12,12,12,38e1dcaa63345eeaff50233c2b208d0ae4ae4853,original-v2,/volume2/blockzilla-bench/results/all-samples-38e1dca-20260906T203900Z/local/jobs/compact-v2/local/epoch-500/usdc/attempt-001
local,500,usdc,indexer-v3,PASS,zstd frames and sidecars,421310,856007773,101.408291,101.250296,0.148134,101.45263763301773,8441201.024,8454373.064,8441201.024,8454373.064,856007773,856007773,0,120.185013,12168768137,SDK logical source bytes / scan seconds,120.185013,12168768137,0.0,0.0,0,,6632515,True,0,902022084,blockzilla-example-usdc-recorded-balance-exclude-failed/v2,a42eca1c7e69ca63b8f3791e0765b424b55e58f2c348d9d8a38b5e7153c0e354,e3b0c44298fc1c149afbf4c8996fb92427ae41e4649b934ca495991b7852b855,12,12,12,f46db7b7284af209a3d96b53b9d37d979e944674,signer-fix,/volume2/blockzilla-bench/results/all-samples-signer-fix-20260907T001310Z/local/jobs/indexer-v3/local/epoch-500/usdc/attempt-001
local,500,usdc,car,PASS,zstd CAR,421310,856007773,1039.090155,1039.07799,0.010602,1039.1019500390103,823805.104,823814.748,,,,,,492.9946,512259838396,decoded CAR stream bytes / scan seconds,,,0.0,0.0,0,,6632515,True,0,902022084,blockzilla-example-usdc-recorded-balance-exclude-failed/v2,a42eca1c7e69ca63b8f3791e0765b424b55e58f2c348d9d8a38b5e7153c0e354,e3b0c44298fc1c149afbf4c8996fb92427ae41e4649b934ca495991b7852b855,,,,f46db7b7284af209a3d96b53b9d37d979e944674,signer-fix,/volume2/blockzilla-bench/results/all-samples-signer-fix-20260907T001310Z/local/jobs/car/local/epoch-500/usdc/attempt-001
local,600,usdc,compact-v2,PASS,zstd frames and sidecars,371273,569474558,100.025907,99.999285,0.025576,100.03593598300358,5693270.605,5694786.282,,,,,,648.289038,64828440454,SDK logical source bytes / scan seconds,648.289038,64828440454,0.0,0.0,0,,27659283,True,0,3761662532,blockzilla-example-usdc-recorded-balance-exclude-failed/v2,3ce48a3e619244fa56bdae429dd1226d6bd329d6ea386c9d5e3bb3393042196e,e3b0c44298fc1c149afbf4c8996fb92427ae41e4649b934ca495991b7852b855,12,12,12,38e1dcaa63345eeaff50233c2b208d0ae4ae4853,original-v2,/volume2/blockzilla-bench/results/all-samples-38e1dca-20260906T203900Z/local/jobs/compact-v2/local/epoch-600/usdc/attempt-001
local,600,usdc,indexer-v3,PASS,zstd frames and sidecars,371273,569474558,81.859871,81.68083,0.148255,81.87303487799363,6956699.936,6971948.692,6956699.936,6971948.692,569474558,569474558,0,297.630239,24310685042,SDK logical source bytes / scan seconds,297.630239,24310685042,0.0,0.0,0,,27659283,True,0,3761662532,blockzilla-example-usdc-recorded-balance-exclude-failed/v2,3ce48a3e619244fa56bdae429dd1226d6bd329d6ea386c9d5e3bb3393042196e,e3b0c44298fc1c149afbf4c8996fb92427ae41e4649b934ca495991b7852b855,12,12,12,f46db7b7284af209a3d96b53b9d37d979e944674,signer-fix,/volume2/blockzilla-bench/results/all-samples-signer-fix-20260907T001310Z/local/jobs/indexer-v3/local/epoch-600/usdc/attempt-001
local,600,usdc,car,PENDING,zstd CAR,,,,,,,,,,,,,,,,decoded CAR stream bytes / scan seconds,,,,,,,,,,,,,,,,,f46db7b7284af209a3d96b53b9d37d979e944674,,
local,700,usdc,compact-v2,PASS,zstd frames and sidecars,420895,735817610,123.002912,122.972029,0.029466,123.01812468498247,5982115.386,5983617.683,,,,,,627.201662,77128261211,SDK logical source bytes / scan seconds,627.201662,77128261211,0.0,0.0,0,,50096250,True,0,6813090044,blockzilla-example-usdc-recorded-balance-exclude-failed/v2,842defb7a292dc631c2073799221a65513951023b0040d01a27bd2d01aadd7ba,e3b0c44298fc1c149afbf4c8996fb92427ae41e4649b934ca495991b7852b855,12,12,12,38e1dcaa63345eeaff50233c2b208d0ae4ae4853,original-v2,/volume2/blockzilla-bench/results/all-samples-38e1dca-20260906T203900Z/local/jobs/compact-v2/local/epoch-700/usdc/attempt-001
local,700,usdc,indexer-v3,PASS,zstd frames and sidecars,420895,735817610,115.558258,115.378768,0.171625,115.57743217601092,6367503.484,6377409.167,6367503.484,6377409.167,735817610,735817610,0,2419.172743,279121169671,SDK logical source bytes / scan seconds,2419.172743,279121169671,0.0,0.0,0,,50096250,True,0,6813090044,blockzilla-example-usdc-recorded-balance-exclude-failed/v2,842defb7a292dc631c2073799221a65513951023b0040d01a27bd2d01aadd7ba,e3b0c44298fc1c149afbf4c8996fb92427ae41e4649b934ca495991b7852b855,12,12,12,f46db7b7284af209a3d96b53b9d37d979e944674,signer-fix,/volume2/blockzilla-bench/results/all-samples-signer-fix-20260907T001310Z/local/jobs/indexer-v3/local/epoch-700/usdc/attempt-001
local,700,usdc,car,PENDING,zstd CAR,,,,,,,,,,,,,,,,decoded CAR stream bytes / scan seconds,,,,,,,,,,,,,,,,,f46db7b7284af209a3d96b53b9d37d979e944674,,
local,800,usdc,compact-v2,PASS,zstd frames and sidecars,430282,681751357,134.414858,134.387194,0.026632,134.45916164299706,5071994.028,5073038.104,,,,,,628.408833,84450099880,SDK logical source bytes / scan seconds,628.408833,84450099880,0.0,0.0,0,,43203782,True,0,5875714396,blockzilla-example-usdc-recorded-balance-exclude-failed/v2,8fa435efbe0de761e6fb0747b60f414c3e3b039611093a3a30b3ec56c108e2bf,e3b0c44298fc1c149afbf4c8996fb92427ae41e4649b934ca495991b7852b855,12,12,12,38e1dcaa63345eeaff50233c2b208d0ae4ae4853,original-v2,/volume2/blockzilla-bench/results/all-samples-38e1dca-20260906T203900Z/local/jobs/compact-v2/local/epoch-800/usdc/attempt-001
local,800,usdc,indexer-v3,PASS,zstd frames and sidecars,430282,681751357,119.823139,119.642843,0.172904,119.83601442998042,5689646.96,5698220.972,5689646.96,5698220.972,681751357,681751357,0,2651.800798,317268986442,SDK logical source bytes / scan seconds,2651.800798,317268986442,0.0,0.0,0,,43203782,True,0,5875714396,blockzilla-example-usdc-recorded-balance-exclude-failed/v2,8fa435efbe0de761e6fb0747b60f414c3e3b039611093a3a30b3ec56c108e2bf,e3b0c44298fc1c149afbf4c8996fb92427ae41e4649b934ca495991b7852b855,12,12,12,f46db7b7284af209a3d96b53b9d37d979e944674,signer-fix,/volume2/blockzilla-bench/results/all-samples-signer-fix-20260907T001310Z/local/jobs/indexer-v3/local/epoch-800/usdc/attempt-001
local,800,usdc,car,PENDING,zstd CAR,,,,,,,,,,,,,,,,decoded CAR stream bytes / scan seconds,,,,,,,,,,,,,,,,,f46db7b7284af209a3d96b53b9d37d979e944674,,
local,900,usdc,compact-v2,PASS,zstd frames and sidecars,431858,476026811,89.656971,89.629635,0.026212,89.70179679201101,5309423.293,5311042.627,,,,,,678.304288,60796165650,SDK logical source bytes / scan seconds,678.304288,60796165650,0.0,0.0,0,,51674610,True,0,7027747004,blockzilla-example-usdc-recorded-balance-exclude-failed/v2,f66e8e933ba2a9f1d08ef9a689a654b1b4ae55b63feffd7b2f52608715ce3b74,e3b0c44298fc1c149afbf4c8996fb92427ae41e4649b934ca495991b7852b855,12,12,12,38e1dcaa63345eeaff50233c2b208d0ae4ae4853,original-v2,/volume2/blockzilla-bench/results/all-samples-38e1dca-20260906T203900Z/local/jobs/compact-v2/local/epoch-900/usdc/attempt-001
local,900,usdc,indexer-v3,PASS,zstd frames and sidecars,431858,476026811,76.257802,76.070827,0.159354,76.31485813000472,6242335.879,6257678.9,6242335.879,6257678.9,476026811,476026811,0,274.892163,20911274225,SDK logical source bytes / scan seconds,274.892163,20911274225,0.0,0.0,0,,51674610,True,0,7027747004,blockzilla-example-usdc-recorded-balance-exclude-failed/v2,f66e8e933ba2a9f1d08ef9a689a654b1b4ae55b63feffd7b2f52608715ce3b74,e3b0c44298fc1c149afbf4c8996fb92427ae41e4649b934ca495991b7852b855,12,12,12,f46db7b7284af209a3d96b53b9d37d979e944674,signer-fix,/volume2/blockzilla-bench/results/all-samples-signer-fix-20260907T001310Z/local/jobs/indexer-v3/local/epoch-900/usdc/attempt-001
local,900,usdc,car,PENDING,zstd CAR,,,,,,,,,,,,,,,,decoded CAR stream bytes / scan seconds,,,,,,,,,,,,,,,,,f46db7b7284af209a3d96b53b9d37d979e944674,,
local,1000,usdc,compact-v2,PASS,zstd frames and sidecars,431781,547899266,127.482953,127.451796,0.029802,127.5383411720104,4297823.783,4298874.421,,,,,,679.612938,86617889529,SDK logical source bytes / scan seconds,679.612938,86617889529,0.0,0.0,0,,54522385,True,0,7415044404,blockzilla-example-usdc-recorded-balance-exclude-failed/v2,a66fcce07e2b97fc1d4b49c040633c3b59100a524fa9806d8c006bb45d8ecbcd,e3b0c44298fc1c149afbf4c8996fb92427ae41e4649b934ca495991b7852b855,12,12,12,38e1dcaa63345eeaff50233c2b208d0ae4ae4853,original-v2,/volume2/blockzilla-bench/results/all-samples-38e1dca-20260906T203900Z/local/jobs/compact-v2/local/epoch-1000/usdc/attempt-001
local,1000,usdc,indexer-v3,PASS,zstd frames and sidecars,431781,547899266,110.571643,110.402887,0.154958,110.6243197650183,4955151.694,4962725.881,4955151.694,4962725.881,547899266,547899266,0,4681.748135,516878511542,SDK logical source bytes / scan seconds,4681.748135,516878511542,0.0,0.0,0,,54522385,True,0,7415044404,blockzilla-example-usdc-recorded-balance-exclude-failed/v2,a66fcce07e2b97fc1d4b49c040633c3b59100a524fa9806d8c006bb45d8ecbcd,e3b0c44298fc1c149afbf4c8996fb92427ae41e4649b934ca495991b7852b855,12,12,12,f46db7b7284af209a3d96b53b9d37d979e944674,signer-fix,/volume2/blockzilla-bench/results/all-samples-signer-fix-20260907T001310Z/local/jobs/indexer-v3/local/epoch-1000/usdc/attempt-001
local,1000,usdc,car,PENDING,zstd CAR,,,,,,,,,,,,,,,,decoded CAR stream bytes / scan seconds,,,,,,,,,,,,,,,,,f46db7b7284af209a3d96b53b9d37d979e944674,,
local,0,pumpfun,compact-v2,PASS,zstd frames and sidecars,431548,1724876,0.793355,0.76766,0.02509,0.8159040229948005,2174155.065,2246925.825,,,,,,240.258437,184436890,SDK logical source bytes / scan seconds,240.258437,184436890,0.0,0.0,0,,0,False,1724876,44,blockzilla-example-pump-transaction-exclude-failed/v2,06550d3fcd018ae752e35af23e9dbe66ff187dbabc87bbd823726b17c7756386,e4ec3d38eb91e576b1b265497a447b154002e1e55dc8c39be61dcd7179a5041f,12,12,12,38e1dcaa63345eeaff50233c2b208d0ae4ae4853,original-v2,/volume2/blockzilla-bench/results/all-samples-38e1dca-20260906T203900Z/local/jobs/compact-v2/local/epoch-0/pumpfun/attempt-001
local,0,pumpfun,indexer-v3,PASS,zstd frames and sidecars,431548,1724876,2.264427,2.135739,0.122928,2.268829275009921,761727.418,807624.928,761727.418,807624.928,1724876,1724876,0,87.76409,187441183,SDK logical source bytes / scan seconds,100.68839,215044115,0.0,0.0,0,,0,False,1724876,44,blockzilla-example-pump-transaction-exclude-failed/v2,06550d3fcd018ae752e35af23e9dbe66ff187dbabc87bbd823726b17c7756386,e4ec3d38eb91e576b1b265497a447b154002e1e55dc8c39be61dcd7179a5041f,12,12,12,f46db7b7284af209a3d96b53b9d37d979e944674,signer-fix,/volume2/blockzilla-bench/results/all-samples-signer-fix-20260907T001310Z/local/jobs/indexer-v3/local/epoch-0/pumpfun/attempt-001
local,0,pumpfun,car,PASS,zstd CAR,431548,1724876,6.694946,6.686484,0.008113,6.728319054003805,257638.514,257964.569,,,,,,641.135964,4286945461,decoded CAR stream bytes / scan seconds,,,0.0,0.0,0,,0,False,1724876,44,blockzilla-example-pump-transaction-exclude-failed/v2,06550d3fcd018ae752e35af23e9dbe66ff187dbabc87bbd823726b17c7756386,e4ec3d38eb91e576b1b265497a447b154002e1e55dc8c39be61dcd7179a5041f,,,,f46db7b7284af209a3d96b53b9d37d979e944674,signer-fix,/volume2/blockzilla-bench/results/all-samples-signer-fix-20260907T001310Z/local/jobs/car/local/epoch-0/pumpfun/attempt-001
local,100,pumpfun,compact-v2,PASS,zstd frames and sidecars,402076,85985993,17.972286,17.940375,0.031175,18.016969609001535,4784365.826,4792876.0,,,,,,188.432362,3380547239,SDK logical source bytes / scan seconds,188.432362,3380547239,0.0,0.0,0,,0,True,0,44,blockzilla-example-pump-transaction-exclude-failed/v2,06550d3fcd018ae752e35af23e9dbe66ff187dbabc87bbd823726b17c7756386,e3b0c44298fc1c149afbf4c8996fb92427ae41e4649b934ca495991b7852b855,12,12,12,38e1dcaa63345eeaff50233c2b208d0ae4ae4853,original-v2,/volume2/blockzilla-bench/results/all-samples-38e1dca-20260906T203900Z/local/jobs/compact-v2/local/epoch-100/pumpfun/attempt-001
local,100,pumpfun,indexer-v3,PASS,zstd frames and sidecars,402076,85985993,0.132677,0.015058,0.11388,0.16452100599417463,648086133.342,5710422780.914,0.0,0.0,0,0,85985993,0.0,0,SDK logical source bytes / scan seconds,17.877066,269188,0.0,0.0,0,,0,True,0,44,blockzilla-example-pump-transaction-exclude-failed/v2,06550d3fcd018ae752e35af23e9dbe66ff187dbabc87bbd823726b17c7756386,e3b0c44298fc1c149afbf4c8996fb92427ae41e4649b934ca495991b7852b855,12,0,0,f46db7b7284af209a3d96b53b9d37d979e944674,signer-fix,/volume2/blockzilla-bench/results/all-samples-signer-fix-20260907T001310Z/local/jobs/indexer-v3/local/epoch-100/pumpfun/attempt-001
local,100,pumpfun,car,PASS,zstd CAR,402076,85985993,244.859206,244.849922,0.008308,244.88961047498742,351165.041,351178.356,,,,,,257.045871,62937661471,decoded CAR stream bytes / scan seconds,,,0.0,0.0,0,,0,True,0,44,blockzilla-example-pump-transaction-exclude-failed/v2,06550d3fcd018ae752e35af23e9dbe66ff187dbabc87bbd823726b17c7756386,e3b0c44298fc1c149afbf4c8996fb92427ae41e4649b934ca495991b7852b855,,,,f46db7b7284af209a3d96b53b9d37d979e944674,signer-fix,/volume2/blockzilla-bench/results/all-samples-signer-fix-20260907T001310Z/local/jobs/car/local/epoch-100/pumpfun/attempt-001
local,200,pumpfun,compact-v2,PASS,zstd frames and sidecars,318235,217531687,31.583693,31.565497,0.017867,31.592156863000127,6887468.421,6891438.662,,,,,,319.131145,10073533236,SDK logical source bytes / scan seconds,319.131145,10073533236,0.0,0.0,0,,0,True,0,44,blockzilla-example-pump-transaction-exclude-failed/v2,06550d3fcd018ae752e35af23e9dbe66ff187dbabc87bbd823726b17c7756386,e3b0c44298fc1c149afbf4c8996fb92427ae41e4649b934ca495991b7852b855,12,12,12,38e1dcaa63345eeaff50233c2b208d0ae4ae4853,original-v2,/volume2/blockzilla-bench/results/all-samples-38e1dca-20260906T203900Z/local/jobs/compact-v2/local/epoch-200/pumpfun/attempt-001
local,200,pumpfun,indexer-v3,PASS,zstd frames and sidecars,318235,217531687,0.094696,0.010002,0.08292,0.12000713098677807,2297147949.204,21749440845.839,0.0,0.0,0,0,217531687,0.0,0,SDK logical source bytes / scan seconds,100.361798,1003790,0.0,0.0,0,,0,True,0,44,blockzilla-example-pump-transaction-exclude-failed/v2,06550d3fcd018ae752e35af23e9dbe66ff187dbabc87bbd823726b17c7756386,e3b0c44298fc1c149afbf4c8996fb92427ae41e4649b934ca495991b7852b855,12,0,0,f46db7b7284af209a3d96b53b9d37d979e944674,signer-fix,/volume2/blockzilla-bench/results/all-samples-signer-fix-20260907T001310Z/local/jobs/indexer-v3/local/epoch-200/pumpfun/attempt-001
local,200,pumpfun,car,PASS,zstd CAR,318235,217531687,246.387044,246.371803,0.013714,246.39995255199028,882886.063,882940.678,,,,,,624.733371,153916687190,decoded CAR stream bytes / scan seconds,,,0.0,0.0,0,,0,True,0,44,blockzilla-example-pump-transaction-exclude-failed/v2,06550d3fcd018ae752e35af23e9dbe66ff187dbabc87bbd823726b17c7756386,e3b0c44298fc1c149afbf4c8996fb92427ae41e4649b934ca495991b7852b855,,,,f46db7b7284af209a3d96b53b9d37d979e944674,signer-fix,/volume2/blockzilla-bench/results/all-samples-signer-fix-20260907T001310Z/local/jobs/car/local/epoch-200/pumpfun/attempt-001
local,300,pumpfun,compact-v2,PASS,zstd frames and sidecars,408989,724730034,118.027958,117.998435,0.028948,118.04018867600826,6140325.109,6141861.383,,,,,,370.226807,43686183958,SDK logical source bytes / scan seconds,370.226807,43686183958,0.0,0.0,0,,0,True,0,44,blockzilla-example-pump-transaction-exclude-failed/v2,06550d3fcd018ae752e35af23e9dbe66ff187dbabc87bbd823726b17c7756386,e3b0c44298fc1c149afbf4c8996fb92427ae41e4649b934ca495991b7852b855,12,12,12,38e1dcaa63345eeaff50233c2b208d0ae4ae4853,original-v2,/volume2/blockzilla-bench/results/all-samples-38e1dca-20260906T203900Z/local/jobs/compact-v2/local/epoch-300/pumpfun/attempt-001
local,300,pumpfun,indexer-v3,PASS,zstd frames and sidecars,408989,724730034,0.182525,0.01915,0.159909,0.21787965798284858,3970577448.864,37844072486.332,0.0,0.0,0,0,724730034,0.0,0,SDK logical source bytes / scan seconds,307.509797,5888943,0.0,0.0,0,,0,True,0,44,blockzilla-example-pump-transaction-exclude-failed/v2,06550d3fcd018ae752e35af23e9dbe66ff187dbabc87bbd823726b17c7756386,e3b0c44298fc1c149afbf4c8996fb92427ae41e4649b934ca495991b7852b855,12,0,0,f46db7b7284af209a3d96b53b9d37d979e944674,signer-fix,/volume2/blockzilla-bench/results/all-samples-signer-fix-20260907T001310Z/local/jobs/indexer-v3/local/epoch-300/pumpfun/attempt-001
local,300,pumpfun,car,PASS,raw CAR,408989,724730034,921.568694,921.549395,0.017964,921.6033905179938,786409.129,786425.598,,,,,,551.612182,508337873180,decoded CAR stream bytes / scan seconds,551.612182,508337873180,0.0,0.0,0,,0,True,0,44,blockzilla-example-pump-transaction-exclude-failed/v2,06550d3fcd018ae752e35af23e9dbe66ff187dbabc87bbd823726b17c7756386,e3b0c44298fc1c149afbf4c8996fb92427ae41e4649b934ca495991b7852b855,,,,f46db7b7284af209a3d96b53b9d37d979e944674,signer-fix,/volume2/blockzilla-bench/results/all-samples-signer-fix-20260907T001310Z/local/jobs/car/local/epoch-300/pumpfun/attempt-001
local,400,pumpfun,compact-v2,PASS,zstd frames and sidecars,392412,856161411,149.013687,148.986325,0.026487,149.03850309900008,5745521.974,5746577.157,,,,,,382.958113,57055521814,SDK logical source bytes / scan seconds,382.958113,57055521814,0.0,0.0,0,,0,True,0,44,blockzilla-example-pump-transaction-exclude-failed/v2,06550d3fcd018ae752e35af23e9dbe66ff187dbabc87bbd823726b17c7756386,e3b0c44298fc1c149afbf4c8996fb92427ae41e4649b934ca495991b7852b855,12,12,12,38e1dcaa63345eeaff50233c2b208d0ae4ae4853,original-v2,/volume2/blockzilla-bench/results/all-samples-38e1dca-20260906T203900Z/local/jobs/compact-v2/local/epoch-400/pumpfun/attempt-001
local,400,pumpfun,indexer-v3,PASS,zstd frames and sidecars,392412,856161411,0.138183,0.015606,0.120421,0.16725007400964387,6195841465.109,54862542439.166,0.0,0.0,0,0,856161411,0.0,0,SDK logical source bytes / scan seconds,372.522688,5813430,0.0,0.0,0,,0,True,0,44,blockzilla-example-pump-transaction-exclude-failed/v2,06550d3fcd018ae752e35af23e9dbe66ff187dbabc87bbd823726b17c7756386,e3b0c44298fc1c149afbf4c8996fb92427ae41e4649b934ca495991b7852b855,12,0,0,f46db7b7284af209a3d96b53b9d37d979e944674,signer-fix,/volume2/blockzilla-bench/results/all-samples-signer-fix-20260907T001310Z/local/jobs/indexer-v3/local/epoch-400/pumpfun/attempt-001
local,400,pumpfun,car,PASS,zstd CAR,392412,856161411,1187.733542,1187.722172,0.009277,1187.7630526869907,720836.266,720843.166,,,,,,556.264204,660687328780,decoded CAR stream bytes / scan seconds,,,0.0,0.0,0,,0,True,0,44,blockzilla-example-pump-transaction-exclude-failed/v2,06550d3fcd018ae752e35af23e9dbe66ff187dbabc87bbd823726b17c7756386,e3b0c44298fc1c149afbf4c8996fb92427ae41e4649b934ca495991b7852b855,,,,f46db7b7284af209a3d96b53b9d37d979e944674,signer-fix,/volume2/blockzilla-bench/results/all-samples-signer-fix-20260907T001310Z/local/jobs/car/local/epoch-400/pumpfun/attempt-001
local,500,pumpfun,compact-v2,PASS,zstd frames and sidecars,421310,856007773,139.153062,139.122884,0.029236,139.20321395300562,6151555.43,6152889.784,,,,,,277.834376,38653119665,SDK logical source bytes / scan seconds,277.834376,38653119665,0.0,0.0,0,,0,True,0,44,blockzilla-example-pump-transaction-exclude-failed/v2,06550d3fcd018ae752e35af23e9dbe66ff187dbabc87bbd823726b17c7756386,e3b0c44298fc1c149afbf4c8996fb92427ae41e4649b934ca495991b7852b855,12,12,12,38e1dcaa63345eeaff50233c2b208d0ae4ae4853,original-v2,/volume2/blockzilla-bench/results/all-samples-38e1dca-20260906T203900Z/local/jobs/compact-v2/local/epoch-500/pumpfun/attempt-001
local,500,pumpfun,indexer-v3,PASS,zstd frames and sidecars,421310,856007773,0.17844,0.018446,0.155636,0.21874395298073068,4797162178.179,46405532367.456,0.0,0.0,0,0,856007773,0.0,0,SDK logical source bytes / scan seconds,202.529035,3735900,0.0,0.0,0,,0,True,0,44,blockzilla-example-pump-transaction-exclude-failed/v2,06550d3fcd018ae752e35af23e9dbe66ff187dbabc87bbd823726b17c7756386,e3b0c44298fc1c149afbf4c8996fb92427ae41e4649b934ca495991b7852b855,12,0,0,f46db7b7284af209a3d96b53b9d37d979e944674,signer-fix,/volume2/blockzilla-bench/results/all-samples-signer-fix-20260907T001310Z/local/jobs/indexer-v3/local/epoch-500/pumpfun/attempt-001
local,500,pumpfun,car,PASS,zstd CAR,421310,856007773,1081.571344,1081.558995,0.010722,1081.5857383979892,791448.274,791457.31,,,,,,473.630972,512259838396,decoded CAR stream bytes / scan seconds,,,0.0,0.0,0,,0,True,0,44,blockzilla-example-pump-transaction-exclude-failed/v2,06550d3fcd018ae752e35af23e9dbe66ff187dbabc87bbd823726b17c7756386,e3b0c44298fc1c149afbf4c8996fb92427ae41e4649b934ca495991b7852b855,,,,f46db7b7284af209a3d96b53b9d37d979e944674,signer-fix,/volume2/blockzilla-bench/results/all-samples-signer-fix-20260907T001310Z/local/jobs/car/local/epoch-500/pumpfun/attempt-001
local,600,pumpfun,compact-v2,PASS,zstd frames and sidecars,371273,569474558,160.189032,160.163399,0.025241,160.21170420999988,3555015.906,3555584.864,,,,,,637.6728,102131843174,SDK logical source bytes / scan seconds,637.6728,102131843174,0.0,0.0,0,,732238,True,0,67365940,blockzilla-example-pump-transaction-exclude-failed/v2,6fd58125ed36bb945f26eaaf14b6d9a0006191636b933f0a5cbc243a71f33480,e3b0c44298fc1c149afbf4c8996fb92427ae41e4649b934ca495991b7852b855,12,12,12,38e1dcaa63345eeaff50233c2b208d0ae4ae4853,original-v2,/volume2/blockzilla-bench/results/all-samples-38e1dca-20260906T203900Z/local/jobs/compact-v2/local/epoch-600/pumpfun/attempt-001
local,600,pumpfun,indexer-v3,PASS,zstd frames and sidecars,371273,569474558,219.778192,219.64371,0.12579,219.80579634697642,2591133.148,2592719.629,1767235.583,1768317.614,388399841,388399841,181074717,224.671899,49347769487,SDK logical source bytes / scan seconds,224.717669,49357822500,0.0,0.0,0,,732238,True,0,67365940,blockzilla-example-pump-transaction-exclude-failed/v2,6fd58125ed36bb945f26eaaf14b6d9a0006191636b933f0a5cbc243a71f33480,e3b0c44298fc1c149afbf4c8996fb92427ae41e4649b934ca495991b7852b855,12,12,12,f46db7b7284af209a3d96b53b9d37d979e944674,signer-fix,/volume2/blockzilla-bench/results/all-samples-signer-fix-20260907T001310Z/local/jobs/indexer-v3/local/epoch-600/pumpfun/attempt-001
local,600,pumpfun,car,PENDING,zstd CAR,,,,,,,,,,,,,,,,decoded CAR stream bytes / scan seconds,,,,,,,,,,,,,,,,,f46db7b7284af209a3d96b53b9d37d979e944674,,
local,700,pumpfun,compact-v2,PASS,zstd frames and sidecars,420895,735817610,353.942519,353.911397,0.030378,353.9761159089976,2078918.384,2079101.198,,,,,,348.946407,123496110555,SDK logical source bytes / scan seconds,348.946407,123496110555,0.0,0.0,0,,8663935,True,0,797082064,blockzilla-example-pump-transaction-exclude-failed/v2,c93e86c2f9da87f887599ad397cedb0299c16404fc73df1c37731cbd2a310c6d,e3b0c44298fc1c149afbf4c8996fb92427ae41e4649b934ca495991b7852b855,12,12,12,38e1dcaa63345eeaff50233c2b208d0ae4ae4853,original-v2,/volume2/blockzilla-bench/results/all-samples-38e1dca-20260906T203900Z/local/jobs/compact-v2/local/epoch-700/pumpfun/attempt-001
local,700,pumpfun,indexer-v3,PASS,zstd frames and sidecars,420895,735817610,410.15384,409.987619,0.156025,410.17135322099784,1794003.951,1794731.294,1757942.097,1758654.82,721026702,721026702,14790908,197.344824,80908934302,SDK logical source bytes / scan seconds,197.426619,80942469268,0.0,0.0,0,,8663935,True,0,797082064,blockzilla-example-pump-transaction-exclude-failed/v2,c93e86c2f9da87f887599ad397cedb0299c16404fc73df1c37731cbd2a310c6d,e3b0c44298fc1c149afbf4c8996fb92427ae41e4649b934ca495991b7852b855,12,12,12,f46db7b7284af209a3d96b53b9d37d979e944674,signer-fix,/volume2/blockzilla-bench/results/all-samples-signer-fix-20260907T001310Z/local/jobs/indexer-v3/local/epoch-700/pumpfun/attempt-001
local,700,pumpfun,car,PENDING,zstd CAR,,,,,,,,,,,,,,,,decoded CAR stream bytes / scan seconds,,,,,,,,,,,,,,,,,f46db7b7284af209a3d96b53b9d37d979e944674,,
local,800,pumpfun,compact-v2,PASS,zstd frames and sidecars,430282,681751357,369.639988,369.605532,0.033654,369.66167142699123,1844365.814,1844537.752,,,,,,347.79888,128548389992,SDK logical source bytes / scan seconds,347.79888,128548389992,0.0,0.0,0,,5067483,True,0,466208480,blockzilla-example-pump-transaction-exclude-failed/v2,abb28f277ca1e4771942ab2069022e1b40c2ecb79ff88e688ffe607e60bf3e1c,e3b0c44298fc1c149afbf4c8996fb92427ae41e4649b934ca495991b7852b855,12,12,12,38e1dcaa63345eeaff50233c2b208d0ae4ae4853,original-v2,/volume2/blockzilla-bench/results/all-samples-38e1dca-20260906T203900Z/local/jobs/compact-v2/local/epoch-800/pumpfun/attempt-001
local,800,pumpfun,indexer-v3,PASS,zstd frames and sidecars,430282,681751357,397.246892,397.081793,0.155318,397.2673915399937,1716190.536,1716904.095,1714739.99,1715452.946,681175132,681175132,576225,213.331722,84710142770,SDK logical source bytes / scan seconds,213.388177,84732559830,0.0,0.0,0,,5067483,True,0,466208480,blockzilla-example-pump-transaction-exclude-failed/v2,abb28f277ca1e4771942ab2069022e1b40c2ecb79ff88e688ffe607e60bf3e1c,e3b0c44298fc1c149afbf4c8996fb92427ae41e4649b934ca495991b7852b855,12,12,12,f46db7b7284af209a3d96b53b9d37d979e944674,signer-fix,/volume2/blockzilla-bench/results/all-samples-signer-fix-20260907T001310Z/local/jobs/indexer-v3/local/epoch-800/pumpfun/attempt-001
local,800,pumpfun,car,PENDING,zstd CAR,,,,,,,,,,,,,,,,decoded CAR stream bytes / scan seconds,,,,,,,,,,,,,,,,,f46db7b7284af209a3d96b53b9d37d979e944674,,
local,900,pumpfun,compact-v2,PASS,zstd frames and sidecars,431858,476026811,278.812751,278.783229,0.028542,278.8677825870109,1707335.154,1707515.952,,,,,,331.029978,92285606290,SDK logical source bytes / scan seconds,331.029978,92285606290,0.0,0.0,0,,3357974,True,0,308933652,blockzilla-example-pump-transaction-exclude-failed/v2,f9225fa19f48d6b3857b431c764f1d1a5426d3d90d8fddcbb4cc00b4916765d3,e3b0c44298fc1c149afbf4c8996fb92427ae41e4649b934ca495991b7852b855,12,12,12,38e1dcaa63345eeaff50233c2b208d0ae4ae4853,original-v2,/volume2/blockzilla-bench/results/all-samples-38e1dca-20260906T203900Z/local/jobs/compact-v2/local/epoch-900/pumpfun/attempt-001
local,900,pumpfun,indexer-v3,PASS,zstd frames and sidecars,431858,476026811,281.172518,281.01741,0.146437,281.2235827750119,1693006.179,1693940.639,1673181.019,1674104.537,470452521,470452521,5574290,216.146572,60740949911,SDK logical source bytes / scan seconds,216.199589,60755848597,0.0,0.0,0,,3357974,True,0,308933652,blockzilla-example-pump-transaction-exclude-failed/v2,f9225fa19f48d6b3857b431c764f1d1a5426d3d90d8fddcbb4cc00b4916765d3,e3b0c44298fc1c149afbf4c8996fb92427ae41e4649b934ca495991b7852b855,12,12,12,f46db7b7284af209a3d96b53b9d37d979e944674,signer-fix,/volume2/blockzilla-bench/results/all-samples-signer-fix-20260907T001310Z/local/jobs/indexer-v3/local/epoch-900/pumpfun/attempt-001
local,900,pumpfun,car,PENDING,zstd CAR,,,,,,,,,,,,,,,,decoded CAR stream bytes / scan seconds,,,,,,,,,,,,,,,,,f46db7b7284af209a3d96b53b9d37d979e944674,,
local,1000,pumpfun,compact-v2,PASS,zstd frames and sidecars,431781,547899266,400.467489,400.436032,0.030784,400.5194545460108,1368149.178,1368256.657,,,,,,305.758396,122436678681,SDK logical source bytes / scan seconds,305.758396,122436678681,0.0,0.0,0,,4085619,True,0,375876992,blockzilla-example-pump-transaction-exclude-failed/v2,d69bffc5dd02272b15d59b09e2a95f7c069494b74b5e354cc2af354813f7df42,e3b0c44298fc1c149afbf4c8996fb92427ae41e4649b934ca495991b7852b855,12,12,12,38e1dcaa63345eeaff50233c2b208d0ae4ae4853,original-v2,/volume2/blockzilla-bench/results/all-samples-38e1dca-20260906T203900Z/local/jobs/compact-v2/local/epoch-1000/pumpfun/attempt-001
local,1000,pumpfun,indexer-v3,PASS,zstd frames and sidecars,431781,547899266,450.386532,450.226855,0.150525,450.44113856198965,1216508.992,1216940.438,1212899.057,1213329.223,546273400,546273400,1625866,180.199021,81130438424,SDK logical source bytes / scan seconds,180.274343,81164350410,0.0,0.0,0,,4085619,True,0,375876992,blockzilla-example-pump-transaction-exclude-failed/v2,d69bffc5dd02272b15d59b09e2a95f7c069494b74b5e354cc2af354813f7df42,e3b0c44298fc1c149afbf4c8996fb92427ae41e4649b934ca495991b7852b855,12,12,12,f46db7b7284af209a3d96b53b9d37d979e944674,signer-fix,/volume2/blockzilla-bench/results/all-samples-signer-fix-20260907T001310Z/local/jobs/indexer-v3/local/epoch-1000/pumpfun/attempt-001
local,1000,pumpfun,car,PENDING,zstd CAR,,,,,,,,,,,,,,,,decoded CAR stream bytes / scan seconds,,,,,,,,,,,,,,,,,f46db7b7284af209a3d96b53b9d37d979e944674,,
local,0,firewatch,compact-v2,PASS,zstd frames and sidecars,431548,1724876,0.702846,0.680987,0.021154,0.7153680829942459,2454130.763,2532905.583,,,,,,108.731145,74044506,SDK logical source bytes / scan seconds,108.731145,74044506,0.0,0.0,0,,0,True,0,44,blockzilla-example-firewatch-wallet-program/v1,6c855bc5eb1395a3b69595d882854e157cce8f9f9efbf51402f8ca35996b9479,e3b0c44298fc1c149afbf4c8996fb92427ae41e4649b934ca495991b7852b855,12,12,12,38e1dcaa63345eeaff50233c2b208d0ae4ae4853,original-v2,/volume2/blockzilla-bench/results/all-samples-38e1dca-20260906T203900Z/local/jobs/compact-v2/local/epoch-0/firewatch/attempt-001
local,0,firewatch,indexer-v3,PASS,zstd frames and sidecars,431548,1724876,0.160582,0.039971,0.116788,0.16478622501017526,10741386.624,43153304.818,0.0,0.0,0,0,1724876,0.0,0,SDK logical source bytes / scan seconds,690.575867,27602932,0.0,0.0,0,,0,True,0,44,blockzilla-example-firewatch-wallet-program/v1,6c855bc5eb1395a3b69595d882854e157cce8f9f9efbf51402f8ca35996b9479,e3b0c44298fc1c149afbf4c8996fb92427ae41e4649b934ca495991b7852b855,12,0,0,f46db7b7284af209a3d96b53b9d37d979e944674,signer-fix,/volume2/blockzilla-bench/results/all-samples-signer-fix-20260907T001310Z/local/jobs/indexer-v3/local/epoch-0/firewatch/attempt-001
local,0,firewatch,car,PASS,zstd CAR,431548,1724876,6.700339,6.694285,0.005711,6.755794832017273,257431.158,257663.978,,,,,,640.388887,4286945461,decoded CAR stream bytes / scan seconds,,,0.0,0.0,0,,0,True,0,44,blockzilla-example-firewatch-wallet-program/v1,6c855bc5eb1395a3b69595d882854e157cce8f9f9efbf51402f8ca35996b9479,e3b0c44298fc1c149afbf4c8996fb92427ae41e4649b934ca495991b7852b855,,,,f46db7b7284af209a3d96b53b9d37d979e944674,signer-fix,/volume2/blockzilla-bench/results/all-samples-signer-fix-20260907T001310Z/local/jobs/car/local/epoch-0/firewatch/attempt-001
local,100,firewatch,compact-v2,PASS,zstd frames and sidecars,402076,85985993,18.175276,18.149288,0.024473,18.20064326300053,4730931.87,4737706.145,,,,,,186.263354,3380547239,SDK logical source bytes / scan seconds,186.263354,3380547239,0.0,0.0,0,,0,True,0,44,blockzilla-example-firewatch-wallet-program/v1,6c855bc5eb1395a3b69595d882854e157cce8f9f9efbf51402f8ca35996b9479,e3b0c44298fc1c149afbf4c8996fb92427ae41e4649b934ca495991b7852b855,12,12,12,38e1dcaa63345eeaff50233c2b208d0ae4ae4853,original-v2,/volume2/blockzilla-bench/results/all-samples-38e1dca-20260906T203900Z/local/jobs/compact-v2/local/epoch-100/firewatch/attempt-001
local,100,firewatch,indexer-v3,PASS,zstd frames and sidecars,402076,85985993,0.125784,0.008521,0.113794,0.16455252101877704,683600630.535,10091170149.118,0.0,0.0,0,0,85985993,0.0,0,SDK logical source bytes / scan seconds,31.591447,269188,0.0,0.0,0,,0,True,0,44,blockzilla-example-firewatch-wallet-program/v1,6c855bc5eb1395a3b69595d882854e157cce8f9f9efbf51402f8ca35996b9479,e3b0c44298fc1c149afbf4c8996fb92427ae41e4649b934ca495991b7852b855,12,0,0,f46db7b7284af209a3d96b53b9d37d979e944674,signer-fix,/volume2/blockzilla-bench/results/all-samples-signer-fix-20260907T001310Z/local/jobs/indexer-v3/local/epoch-100/firewatch/attempt-001
local,100,firewatch,car,PASS,zstd CAR,402076,85985993,247.932433,247.918974,0.012877,247.95276594001916,346812.202,346831.029,,,,,,253.863834,62937661471,decoded CAR stream bytes / scan seconds,,,0.0,0.0,0,,0,True,0,44,blockzilla-example-firewatch-wallet-program/v1,6c855bc5eb1395a3b69595d882854e157cce8f9f9efbf51402f8ca35996b9479,e3b0c44298fc1c149afbf4c8996fb92427ae41e4649b934ca495991b7852b855,,,,f46db7b7284af209a3d96b53b9d37d979e944674,signer-fix,/volume2/blockzilla-bench/results/all-samples-signer-fix-20260907T001310Z/local/jobs/car/local/epoch-100/firewatch/attempt-001
local,200,firewatch,compact-v2,PASS,zstd frames and sidecars,318235,217531687,25.650027,25.632122,0.017641,25.69297662799363,8480758.596,8486682.887,,,,,,393.004271,10073533236,SDK logical source bytes / scan seconds,393.004271,10073533236,0.0,0.0,0,,0,True,0,44,blockzilla-example-firewatch-wallet-program/v1,6c855bc5eb1395a3b69595d882854e157cce8f9f9efbf51402f8ca35996b9479,e3b0c44298fc1c149afbf4c8996fb92427ae41e4649b934ca495991b7852b855,12,12,12,38e1dcaa63345eeaff50233c2b208d0ae4ae4853,original-v2,/volume2/blockzilla-bench/results/all-samples-38e1dca-20260906T203900Z/local/jobs/compact-v2/local/epoch-200/firewatch/attempt-001
local,200,firewatch,indexer-v3,PASS,zstd frames and sidecars,318235,217531687,0.087287,0.009757,0.075342,0.11497474598581903,2492146551.333,22294451222.337,0.0,0.0,0,0,217531687,0.0,0,SDK logical source bytes / scan seconds,102.876723,1003790,0.0,0.0,0,,0,True,0,44,blockzilla-example-firewatch-wallet-program/v1,6c855bc5eb1395a3b69595d882854e157cce8f9f9efbf51402f8ca35996b9479,e3b0c44298fc1c149afbf4c8996fb92427ae41e4649b934ca495991b7852b855,12,0,0,f46db7b7284af209a3d96b53b9d37d979e944674,signer-fix,/volume2/blockzilla-bench/results/all-samples-signer-fix-20260907T001310Z/local/jobs/indexer-v3/local/epoch-200/firewatch/attempt-001
local,200,firewatch,car,PASS,zstd CAR,318235,217531687,237.865441,237.852849,0.012134,237.90481072998955,914515.73,914564.143,,,,,,647.108865,153916687190,decoded CAR stream bytes / scan seconds,,,0.0,0.0,0,,0,True,0,44,blockzilla-example-firewatch-wallet-program/v1,6c855bc5eb1395a3b69595d882854e157cce8f9f9efbf51402f8ca35996b9479,e3b0c44298fc1c149afbf4c8996fb92427ae41e4649b934ca495991b7852b855,,,,f46db7b7284af209a3d96b53b9d37d979e944674,signer-fix,/volume2/blockzilla-bench/results/all-samples-signer-fix-20260907T001310Z/local/jobs/car/local/epoch-200/firewatch/attempt-001
local,300,firewatch,compact-v2,PASS,zstd frames and sidecars,408989,724730034,117.554095,117.528152,0.024965,117.60053610199247,6165076.891,6166437.751,,,,,,371.708252,43686183958,SDK logical source bytes / scan seconds,371.708252,43686183958,0.0,0.0,0,,0,True,0,44,blockzilla-example-firewatch-wallet-program/v1,6c855bc5eb1395a3b69595d882854e157cce8f9f9efbf51402f8ca35996b9479,e3b0c44298fc1c149afbf4c8996fb92427ae41e4649b934ca495991b7852b855,12,12,12,38e1dcaa63345eeaff50233c2b208d0ae4ae4853,original-v2,/volume2/blockzilla-bench/results/all-samples-38e1dca-20260906T203900Z/local/jobs/compact-v2/local/epoch-300/firewatch/attempt-001
local,300,firewatch,indexer-v3,PASS,zstd frames and sidecars,408989,724730034,0.133332,0.01482,0.115455,0.16492318900418468,5435510979.896,48902352924.188,0.0,0.0,0,0,724730034,0.0,0,SDK logical source bytes / scan seconds,397.36613,5888943,0.0,0.0,0,,0,True,0,44,blockzilla-example-firewatch-wallet-program/v1,6c855bc5eb1395a3b69595d882854e157cce8f9f9efbf51402f8ca35996b9479,e3b0c44298fc1c149afbf4c8996fb92427ae41e4649b934ca495991b7852b855,12,0,0,f46db7b7284af209a3d96b53b9d37d979e944674,signer-fix,/volume2/blockzilla-bench/results/all-samples-signer-fix-20260907T001310Z/local/jobs/indexer-v3/local/epoch-300/firewatch/attempt-001
local,300,firewatch,car,PASS,raw CAR,408989,724730034,869.006835,868.990622,0.015802,869.0581527040049,833975.068,833990.627,,,,,,584.975097,508337873180,decoded CAR stream bytes / scan seconds,584.975097,508337873180,0.0,0.0,0,,0,True,0,44,blockzilla-example-firewatch-wallet-program/v1,6c855bc5eb1395a3b69595d882854e157cce8f9f9efbf51402f8ca35996b9479,e3b0c44298fc1c149afbf4c8996fb92427ae41e4649b934ca495991b7852b855,,,,f46db7b7284af209a3d96b53b9d37d979e944674,signer-fix,/volume2/blockzilla-bench/results/all-samples-signer-fix-20260907T001310Z/local/jobs/car/local/epoch-300/firewatch/attempt-001
local,400,firewatch,compact-v2,PASS,zstd frames and sidecars,392412,856161411,218.525789,218.50138,0.023657,218.5646665180102,3917896.441,3918334.107,,,,,,261.12202,57055521814,SDK logical source bytes / scan seconds,261.12202,57055521814,0.0,0.0,0,,0,True,0,44,blockzilla-example-firewatch-wallet-program/v1,6c855bc5eb1395a3b69595d882854e157cce8f9f9efbf51402f8ca35996b9479,e3b0c44298fc1c149afbf4c8996fb92427ae41e4649b934ca495991b7852b855,12,12,12,38e1dcaa63345eeaff50233c2b208d0ae4ae4853,original-v2,/volume2/blockzilla-bench/results/all-samples-38e1dca-20260906T203900Z/local/jobs/compact-v2/local/epoch-400/firewatch/attempt-001
local,400,firewatch,indexer-v3,PASS,zstd frames and sidecars,392412,856161411,0.105184,0.013104,0.089453,0.1151218669838272,8139661389.275,65334666463.781,0.0,0.0,0,0,856161411,0.0,0,SDK logical source bytes / scan seconds,443.62956,5813430,0.0,0.0,0,,0,True,0,44,blockzilla-example-firewatch-wallet-program/v1,6c855bc5eb1395a3b69595d882854e157cce8f9f9efbf51402f8ca35996b9479,e3b0c44298fc1c149afbf4c8996fb92427ae41e4649b934ca495991b7852b855,12,0,0,f46db7b7284af209a3d96b53b9d37d979e944674,signer-fix,/volume2/blockzilla-bench/results/all-samples-signer-fix-20260907T001310Z/local/jobs/indexer-v3/local/epoch-400/firewatch/attempt-001
local,400,firewatch,car,PASS,zstd CAR,392412,856161411,1127.043732,1127.029759,0.013338,1127.051730081992,759652.342,759661.761,,,,,,586.21995,660687328780,decoded CAR stream bytes / scan seconds,,,0.0,0.0,0,,0,True,0,44,blockzilla-example-firewatch-wallet-program/v1,6c855bc5eb1395a3b69595d882854e157cce8f9f9efbf51402f8ca35996b9479,e3b0c44298fc1c149afbf4c8996fb92427ae41e4649b934ca495991b7852b855,,,,f46db7b7284af209a3d96b53b9d37d979e944674,signer-fix,/volume2/blockzilla-bench/results/all-samples-signer-fix-20260907T001310Z/local/jobs/car/local/epoch-400/firewatch/attempt-001
local,500,firewatch,compact-v2,PASS,zstd frames and sidecars,421310,856007773,119.769944,119.734672,0.034054,119.81437957801973,7147100.082,7149205.462,,,,,,322.823113,38653119665,SDK logical source bytes / scan seconds,322.823113,38653119665,0.0,0.0,0,,0,True,0,44,blockzilla-example-firewatch-wallet-program/v1,6c855bc5eb1395a3b69595d882854e157cce8f9f9efbf51402f8ca35996b9479,e3b0c44298fc1c149afbf4c8996fb92427ae41e4649b934ca495991b7852b855,12,12,12,38e1dcaa63345eeaff50233c2b208d0ae4ae4853,original-v2,/volume2/blockzilla-bench/results/all-samples-38e1dca-20260906T203900Z/local/jobs/compact-v2/local/epoch-500/firewatch/attempt-001
local,500,firewatch,indexer-v3,PASS,zstd frames and sidecars,421310,856007773,0.13629,0.013694,0.118523,0.1649875000002794,6280767210.76,62510467158.533,0.0,0.0,0,0,856007773,0.0,0,SDK logical source bytes / scan seconds,272.816278,3735900,0.0,0.0,0,,0,True,0,44,blockzilla-example-firewatch-wallet-program/v1,6c855bc5eb1395a3b69595d882854e157cce8f9f9efbf51402f8ca35996b9479,e3b0c44298fc1c149afbf4c8996fb92427ae41e4649b934ca495991b7852b855,12,0,0,f46db7b7284af209a3d96b53b9d37d979e944674,signer-fix,/volume2/blockzilla-bench/results/all-samples-signer-fix-20260907T001310Z/local/jobs/indexer-v3/local/epoch-500/firewatch/attempt-001
local,500,firewatch,car,PASS,zstd CAR,421310,856007773,978.611194,978.600366,0.010081,978.6427475970122,874716.924,874726.602,,,,,,523.461728,512259838396,decoded CAR stream bytes / scan seconds,,,0.0,0.0,0,,0,True,0,44,blockzilla-example-firewatch-wallet-program/v1,6c855bc5eb1395a3b69595d882854e157cce8f9f9efbf51402f8ca35996b9479,e3b0c44298fc1c149afbf4c8996fb92427ae41e4649b934ca495991b7852b855,,,,f46db7b7284af209a3d96b53b9d37d979e944674,signer-fix,/volume2/blockzilla-bench/results/all-samples-signer-fix-20260907T001310Z/local/jobs/car/local/epoch-500/firewatch/attempt-001
local,600,firewatch,compact-v2,PASS,zstd frames and sidecars,371273,569474558,379.584847,379.560697,0.023404,379.63223599400953,1500256.298,1500351.756,,,,,,168.900175,64107868226,SDK logical source bytes / scan seconds,168.900175,64107868226,0.0,0.0,0,,0,True,0,44,blockzilla-example-firewatch-wallet-program/v1,6c855bc5eb1395a3b69595d882854e157cce8f9f9efbf51402f8ca35996b9479,e3b0c44298fc1c149afbf4c8996fb92427ae41e4649b934ca495991b7852b855,12,12,12,38e1dcaa63345eeaff50233c2b208d0ae4ae4853,original-v2,/volume2/blockzilla-bench/results/all-samples-38e1dca-20260906T203900Z/local/jobs/compact-v2/local/epoch-600/firewatch/attempt-001
local,600,firewatch,indexer-v3,PASS,zstd frames and sidecars,371273,569474558,0.220309,0.029415,0.1834,0.26886183401802555,2584886989.797,19360031698.156,0.0,0.0,0,0,569474558,0.0,0,SDK logical source bytes / scan seconds,299.558592,8811504,0.0,0.0,0,,0,True,0,44,blockzilla-example-firewatch-wallet-program/v1,6c855bc5eb1395a3b69595d882854e157cce8f9f9efbf51402f8ca35996b9479,e3b0c44298fc1c149afbf4c8996fb92427ae41e4649b934ca495991b7852b855,12,0,0,f46db7b7284af209a3d96b53b9d37d979e944674,signer-fix,/volume2/blockzilla-bench/results/all-samples-signer-fix-20260907T001310Z/local/jobs/indexer-v3/local/epoch-600/firewatch/attempt-001
local,600,firewatch,car,PENDING,zstd CAR,,,,,,,,,,,,,,,,decoded CAR stream bytes / scan seconds,,,,,,,,,,,,,,,,,f46db7b7284af209a3d96b53b9d37d979e944674,,
local,700,firewatch,compact-v2,PASS,zstd frames and sidecars,420895,735817610,469.824901,469.790239,0.033039,469.87425005299156,1566152.854,1566268.41,,,,,,159.55293,74956409079,SDK logical source bytes / scan seconds,159.55293,74956409079,0.0,0.0,0,,0,True,0,44,blockzilla-example-firewatch-wallet-program/v1,6c855bc5eb1395a3b69595d882854e157cce8f9f9efbf51402f8ca35996b9479,e3b0c44298fc1c149afbf4c8996fb92427ae41e4649b934ca495991b7852b855,12,12,12,38e1dcaa63345eeaff50233c2b208d0ae4ae4853,original-v2,/volume2/blockzilla-bench/results/all-samples-38e1dca-20260906T203900Z/local/jobs/compact-v2/local/epoch-700/firewatch/attempt-001
local,700,firewatch,indexer-v3,PASS,zstd frames and sidecars,420895,735817610,0.212543,0.03937,0.168173,0.2675195320043713,3461965532.869,18689627603.985,0.0,0.0,0,0,735817610,0.0,0,SDK logical source bytes / scan seconds,539.550641,21242310,0.0,0.0,0,,0,True,0,44,blockzilla-example-firewatch-wallet-program/v1,6c855bc5eb1395a3b69595d882854e157cce8f9f9efbf51402f8ca35996b9479,e3b0c44298fc1c149afbf4c8996fb92427ae41e4649b934ca495991b7852b855,12,0,0,f46db7b7284af209a3d96b53b9d37d979e944674,signer-fix,/volume2/blockzilla-bench/results/all-samples-signer-fix-20260907T001310Z/local/jobs/indexer-v3/local/epoch-700/firewatch/attempt-001
local,700,firewatch,car,PENDING,zstd CAR,,,,,,,,,,,,,,,,decoded CAR stream bytes / scan seconds,,,,,,,,,,,,,,,,,f46db7b7284af209a3d96b53b9d37d979e944674,,
local,800,firewatch,compact-v2,PASS,zstd frames and sidecars,430282,681751357,528.748311,528.696796,0.03205,528.7762629390054,1289368.387,1289494.021,,,,,,157.476902,83257533252,SDK logical source bytes / scan seconds,157.476902,83257533252,0.0,0.0,0,,0,True,0,44,blockzilla-example-firewatch-wallet-program/v1,6c855bc5eb1395a3b69595d882854e157cce8f9f9efbf51402f8ca35996b9479,e3b0c44298fc1c149afbf4c8996fb92427ae41e4649b934ca495991b7852b855,12,12,12,38e1dcaa63345eeaff50233c2b208d0ae4ae4853,original-v2,/volume2/blockzilla-bench/results/all-samples-38e1dca-20260906T203900Z/local/jobs/compact-v2/local/epoch-800/firewatch/attempt-001
local,800,firewatch,indexer-v3,PASS,zstd frames and sidecars,430282,681751357,0.208513,0.032135,0.170852,0.2184781469986774,3269589989.388,21215133755.59,0.0,0.0,0,0,681751357,0.0,0,SDK logical source bytes / scan seconds,429.665024,13807347,0.0,0.0,0,,0,True,0,44,blockzilla-example-firewatch-wallet-program/v1,6c855bc5eb1395a3b69595d882854e157cce8f9f9efbf51402f8ca35996b9479,e3b0c44298fc1c149afbf4c8996fb92427ae41e4649b934ca495991b7852b855,12,0,0,f46db7b7284af209a3d96b53b9d37d979e944674,signer-fix,/volume2/blockzilla-bench/results/all-samples-signer-fix-20260907T001310Z/local/jobs/indexer-v3/local/epoch-800/firewatch/attempt-001
local,800,firewatch,car,PENDING,zstd CAR,,,,,,,,,,,,,,,,decoded CAR stream bytes / scan seconds,,,,,,,,,,,,,,,,,f46db7b7284af209a3d96b53b9d37d979e944674,,
local,900,firewatch,compact-v2,PASS,zstd frames and sidecars,431858,476026811,314.211411,314.176502,0.033985,314.25035222800216,1514988.934,1515157.268,,,,,,190.679464,59907007058,SDK logical source bytes / scan seconds,190.679464,59907007058,0.0,0.0,0,,4,True,0,300,blockzilla-example-firewatch-wallet-program/v1,f3831b1e700029d32abf249d469fda5de8299ba3af253ec8187d347e827e867e,e3b0c44298fc1c149afbf4c8996fb92427ae41e4649b934ca495991b7852b855,12,12,12,38e1dcaa63345eeaff50233c2b208d0ae4ae4853,original-v2,/volume2/blockzilla-bench/results/all-samples-38e1dca-20260906T203900Z/local/jobs/compact-v2/local/epoch-900/firewatch/attempt-001
local,900,firewatch,indexer-v3,PASS,zstd frames and sidecars,431858,476026811,0.441586,0.256696,0.179669,0.47151766999741085,1077992565.613,1854434495.133,25843.19,44457.173,11412,11412,476015399,3.434258,881562,SDK logical source bytes / scan seconds,41.874193,10748958,0.0,0.0,0,,4,True,0,300,blockzilla-example-firewatch-wallet-program/v1,f3831b1e700029d32abf249d469fda5de8299ba3af253ec8187d347e827e867e,e3b0c44298fc1c149afbf4c8996fb92427ae41e4649b934ca495991b7852b855,12,3,3,f46db7b7284af209a3d96b53b9d37d979e944674,signer-fix,/volume2/blockzilla-bench/results/all-samples-signer-fix-20260907T001310Z/local/jobs/indexer-v3/local/epoch-900/firewatch/attempt-001
local,900,firewatch,car,PENDING,zstd CAR,,,,,,,,,,,,,,,,decoded CAR stream bytes / scan seconds,,,,,,,,,,,,,,,,,f46db7b7284af209a3d96b53b9d37d979e944674,,
local,1000,firewatch,compact-v2,PASS,zstd frames and sidecars,431781,547899266,615.679537,615.642659,0.028809,615.7308715610125,889909.821,889963.127,,,,,,138.795841,85448640501,SDK logical source bytes / scan seconds,138.795841,85448640501,0.0,0.0,0,,0,True,0,44,blockzilla-example-firewatch-wallet-program/v1,6c855bc5eb1395a3b69595d882854e157cce8f9f9efbf51402f8ca35996b9479,e3b0c44298fc1c149afbf4c8996fb92427ae41e4649b934ca495991b7852b855,12,12,12,38e1dcaa63345eeaff50233c2b208d0ae4ae4853,original-v2,/volume2/blockzilla-bench/results/all-samples-38e1dca-20260906T203900Z/local/jobs/compact-v2/local/epoch-1000/firewatch/attempt-001
local,1000,firewatch,indexer-v3,PASS,zstd frames and sidecars,431781,547899266,0.223176,0.035288,0.180019,0.27126083499751985,2455005284.833,15526357720.733,0.0,0.0,0,0,547899266,0.0,0,SDK logical source bytes / scan seconds,382.72149,13505603,0.0,0.0,0,,0,True,0,44,blockzilla-example-firewatch-wallet-program/v1,6c855bc5eb1395a3b69595d882854e157cce8f9f9efbf51402f8ca35996b9479,e3b0c44298fc1c149afbf4c8996fb92427ae41e4649b934ca495991b7852b855,12,0,0,f46db7b7284af209a3d96b53b9d37d979e944674,signer-fix,/volume2/blockzilla-bench/results/all-samples-signer-fix-20260907T001310Z/local/jobs/indexer-v3/local/epoch-1000/firewatch/attempt-001
local,1000,firewatch,car,PENDING,zstd CAR,,,,,,,,,,,,,,,,decoded CAR stream bytes / scan seconds,,,,,,,,,,,,,,,,,f46db7b7284af209a3d96b53b9d37d979e944674,,
network,900,slot-hours,compact-v2,PENDING,zstd frames and sidecars,,,,,,,,,,,,,,,,,,,,,,,,,,,,,,12,,,38e1dcaa63345eeaff50233c2b208d0ae4ae4853,,
network,900,slot-hours,indexer-v3,PENDING,zstd frames and sidecars,,,,,,,,,,,,,,,,,,,,,,,,,,,,,,12,,,f46db7b7284af209a3d96b53b9d37d979e944674,,
network,900,slot-hours,car,PENDING,raw CAR,,,,,,,,,,,,,,,,,,,,,,,,,,,,,,,,,f46db7b7284af209a3d96b53b9d37d979e944674,,
network,900,usdc,compact-v2,PENDING,zstd frames and sidecars,,,,,,,,,,,,,,,,,,,,,,,,,,,,,,12,,,38e1dcaa63345eeaff50233c2b208d0ae4ae4853,,
network,900,usdc,indexer-v3,PENDING,zstd frames and sidecars,,,,,,,,,,,,,,,,,,,,,,,,,,,,,,12,,,f46db7b7284af209a3d96b53b9d37d979e944674,,
network,900,usdc,car,PENDING,raw CAR,,,,,,,,,,,,,,,,,,,,,,,,,,,,,,,,,f46db7b7284af209a3d96b53b9d37d979e944674,,
network,900,pumpfun,compact-v2,PENDING,zstd frames and sidecars,,,,,,,,,,,,,,,,,,,,,,,,,,,,,,12,,,38e1dcaa63345eeaff50233c2b208d0ae4ae4853,,
network,900,pumpfun,indexer-v3,PENDING,zstd frames and sidecars,,,,,,,,,,,,,,,,,,,,,,,,,,,,,,12,,,f46db7b7284af209a3d96b53b9d37d979e944674,,
network,900,pumpfun,car,PENDING,raw CAR,,,,,,,,,,,,,,,,,,,,,,,,,,,,,,,,,f46db7b7284af209a3d96b53b9d37d979e944674,,
network,900,firewatch,compact-v2,PENDING,zstd frames and sidecars,,,,,,,,,,,,,,,,,,,,,,,,,,,,,,12,,,38e1dcaa63345eeaff50233c2b208d0ae4ae4853,,
network,900,firewatch,indexer-v3,PENDING,zstd frames and sidecars,,,,,,,,,,,,,,,,,,,,,,,,,,,,,,12,,,f46db7b7284af209a3d96b53b9d37d979e944674,,
network,900,firewatch,car,PENDING,raw CAR,,,,,,,,,,,,,,,,,,,,,,,,,,,,,,,,,f46db7b7284af209a3d96b53b9d37d979e944674,,
network-reference,900,512-block-proof-1-worker,jetstreamer-0.7.0,PENDING,raw CAR,,,,,,,,,,,,,,,,,,,,,,,,,,,,,,1,,,,,
network-reference,900,512-block-proof-12-workers,jetstreamer-0.7.0,PENDING,raw CAR,,,,,,,,,,,,,,,,,,,,,,,,,,,,,,12,,,,,
network-reference,900,full-decoded-tx-count,jetstreamer-0.7.0,PENDING,raw CAR,,,,,,,,,,,,,,,,,,,,,,,,,,,,,,12,,,,,
