700	token-instruction-bench-20260518T1410
700	token-instruction-bench-optimized-20260518T1555
930	partial-loop-restart-20260622T080508Z
931	partial-loop-restart-20260622T080500Z
932	partial-loop-restart-20260622T043246Z
933	partial-loop-restart-20260622T043238Z
934	partial-loop-restart-20260622T011230Z
937	partial-loop-restart-20260621T214202Z
938	partial-loop-restart-20260621T145622Z
939	partial-loop-restart-20260621T145614Z
940	partial-loop-restart-20260621T084537Z
941	partial-loop-restart-20260621T084529Z
942	partial-loop-restart-20260621T030516Z
944	partial-loop-restart-20260620T211436Z
945	partial-loop-restart-20260620T211428Z
946	partial-loop-restart-20260620T150413Z
948	partial-loop-restart-20260620T091352Z
950	partial-loop-restart-20260620T040819Z
951	partial-loop-restart-20260620T040811Z
952	partial-loop-restart-20260619T232748Z
953	partial-loop-restart-20260619T232739Z
954	partial-loop-restart-20260619T181207Z
955	partial-loop-restart-20260619T181159Z
956	partial-loop-restart-20260619T122127Z
957	partial-loop-restart-20260619T122119Z
958	partial-loop-restart-20260619T062043Z
959	partial-loop-restart-20260619T062035Z
960	partial-loop-restart-20260619T011504Z
961	partial-loop-restart-20260619T011456Z
962	partial-loop-restart-20260618T192422Z
963	partial-loop-restart-20260618T192414Z
964	partial-loop-restart-20260618T125333Z
965	partial-loop-restart-20260618T125325Z
966	partial-loop-restart-20260618T070745Z
967	partial-loop-restart-20260618T070737Z
968	partial-loop-restart-20260618T010657Z
969	partial-loop-restart-20260618T010649Z
970	partial-loop-restart-20260617T190602Z
971	partial-loop-restart-20260617T165914Z
971	partial-loop-restart-20260617T190523Z
971	partial-loop-restart-20260617T190554Z
972	partial-loop-restart-20260617T061619Z
973	partial-loop-restart-20260617T061611Z
974	partial-loop-restart-20260617T033100Z
975	partial-loop-restart-20260617T033052Z
976	partial-loop-restart-20260617T005044Z
977	partial-loop-restart-20260617T005036Z
978	partial-loop-restart-20260616T213029Z
979	partial-loop-restart-20260616T213021Z
980	partial-two-lane-killed-20260616T150032Z
981	partial-zst-compact-killed-20260616T150325Z
