format	mode	epoch	workload	status	parity	error	wall_s	blocks	transactions	recorded_inner_instructions	setup_s	scan_s	total_s	scan_tps	total_tps	scan_blocks_s	total_blocks_s	bound_source_size_bytes	stored_archive_bytes	scan_source_bytes	scan_source_mb_s	setup_network_bytes	scan_network_bytes	total_network_bytes	scan_network_mb_s	total_network_mb_s	scan_local_read_bytes	scan_local_read_mb_s	scan_cache_read_bytes	requested_blocks	candidate_blocks	skipped_blocks	decoded_blocks	requested_transactions	candidate_transactions	skipped_transactions	decoded_transactions	decoded_scan_tps	effective_workers	max_active_workers	output_rows	output_bytes	output_complete	indeterminate_transactions	coverage_sha256	pipeline_read_s	pipeline_input_wait_s	pipeline_buffer_wait_s	pipeline_decode_project_wall_s	pipeline_worker_decode_sum_s	pipeline_worker_projection_sum_s	pipeline_consume_s	pipeline_projection_buffer_wait_s	pipeline_result_send_wait_s	pipeline_signature_read_s	pipeline_signature_assign_s	pipeline_publish_s
compact-v2	local	300	slot-hours	PASS	PENDING		238.4187209480442	408989	724730034	102252970	0.252724	238.088498	238.342062	3043952.312	3040713.957	1717.8024282382596	1715.9749167564053	99504005950	99504005950	43682534695	183.471840	0	0	0	0.000000	0.000000	43682534695	183.471840	0										12	12						218.309084	175.441838	19.731532	62.546628	172.127425	376.280524	0.217638	0.007492	0.049342	0.025215	0.020452	0.085639
compact-v2	local	300	usdc	PASS	PENDING		250.10957573587075	408989	724730034		0.081762	249.874640	249.958637	2900374.495	2899399.847	1636.776745331179	1636.2267169827783	99504005950	99504005950	44118946554	176.564322	0	0	0	0.000000	0.000000	44118946554	176.564322	0										12	12	72587929	9871958388	true	0	e3b0c44298fc1c149afbf4c8996fb92427ae41e4649b934ca495991b7852b855	227.592219	174.300425	18.718524	71.604494	180.052579	443.644898	33.459817	0.329667	0.073762	0.018621	0.015238	30.911957
compact-v2	local	300	pumpfun	PASS	PENDING		270.2856059903279	408989	724730034		0.120337	269.948163	270.082778	2684700.746	2683362.633	1515.0649497103634	1514.309809120817	99504005950	99504005950	43686183958	161.831751	0	0	0	0.000000	0.000000	43686183958	161.831751	0										12	12	0	44	true	0	e3b0c44298fc1c149afbf4c8996fb92427ae41e4649b934ca495991b7852b855	231.325929	142.345351	38.404060	127.169528	195.460541	1083.435200	77.157327	0.149236	0.073450	0.039194	0.022148	47.006218
compact-v2	local	300	firewatch	PASS	PENDING		257.2564106308855	408989	724730034		0.205525	256.989278	257.233832	2820078.870	2817397.809	1591.4632827599912	1589.9502675060253	99504005950	99504005950	43686183958	169.992243	0	0	0	0.000000	0.000000	43686183958	169.992243	0										12	12	0	44	true	0	e3b0c44298fc1c149afbf4c8996fb92427ae41e4649b934ca495991b7852b855	222.780561	154.355505	34.036071	102.355280	181.583998	849.818411	19.351689	0.009435	0.079246	0.020750	0.016306	18.678871
indexer-v3	local	300	slot-hours	PASS	MATCH		112.00294917123392	408989	724730034	102252970	1.332123	110.516721	111.855997	6557650.531	6479134.368	3700.697924253471	3656.3886690849486	89164784749	97003523888	14149150106	128.027234	0	0	0	0.000000	0.000000	14149150106	128.027234	0										12	12																	
indexer-v3	local	300	usdc	PASS	MATCH		121.22389835072681	408989	724730034		1.215708	119.817772	121.059377	6048602.153	5986566.689	3413.425180364729	3378.4165269576765	89164784749	97003523888	14496605750	120.988777	0	0	0	0.000000	0.000000	14496605750	120.988777	0	408989	408989	0	408989	724730034	724730034	0	724730034	6048602.153	12	12	72587929	9871958388	true	0	e3b0c44298fc1c149afbf4c8996fb92427ae41e4649b934ca495991b7852b855												
indexer-v3	local	300	pumpfun	PASS	MATCH		1.5959745948202908	408989	724730034		1.250645	0.199170	1.455309	3638741979.717	497990563.198	2053466.8875834714	281032.4130476758	89164784749	97003523888	0	0.000000	0	0	0	0.000000	0.000000	5888943	29.567347	0	408989	0	408989	0	724730034	0	724730034	0	0.000	0	0	0	44	true	0	e3b0c44298fc1c149afbf4c8996fb92427ae41e4649b934ca495991b7852b855												
indexer-v3	local	300	firewatch	PASS	MATCH		0.28178202919662	408989	724730034		0.120424	0.029099	0.155033	24905933359.887	4674673458.532	14055087.803704595	2638077.054562577	89164784749	97003523888	0	0.000000	0	0	0	0.000000	0.000000	5888943	202.378286	0	408989	0	408989	0	724730034	0	724730034	0	0.000	0	0	0	44	true	0	e3b0c44298fc1c149afbf4c8996fb92427ae41e4649b934ca495991b7852b855												
car	local	300	slot-hours	PASS	MATCH			408989	724730034	102252970	0.198338	3553.523707	3553.722609	203946.869	203935.454	115.09392752729988	115.08748571546148	508343057180	508343057180	508337873180	143.051775	0	0	0	0.000000	0.000000	508337873180	143.051775	0	408989																											
